movie_id,title,main_link,img_link,img_path,pub_year,user_rating,summary,nation,genre
171539,그린 북,https://movie.naver.com/movie/bi/mi/basic.nhn?code=171539,https://movie.naver.com/movie/bi/mi/photoViewPopup.nhn?movieCode=171539,./img/171539.jpg,2019,9.59,1962년 미국 입담과 주먹만 믿고 살아가던 토니 발레롱가비고 모텐슨는 교양과 우아함 그 자체인천재 피아니스트 돈 셜리마허샬라 알리 박사의 운전기사 면접을 보게 된다.백악관에도 초청되는 등 미국 전역에서 콘서트 요청을 받으며 명성을 떨치고 있는 돈 셜리는위험하기로 소문난 미국 남부 투어 공연을 떠나기로 결심하고투어 기간 동안 자신의 보디가드 겸 운전기사로 토니를 고용한다.거친 인생을 살아온 토니 발레롱가와 교양과 기품을 지키며 살아온 돈 셜리 박사.생각 행동 말투 취향까지 달라도 너무 다른 두 사람은그들을 위한 여행안내서 그린북에 의존해 특별한 남부 투어를 시작하는데,미국,드라마
174830,가버나움,https://movie.naver.com/movie/bi/mi/basic.nhn?code=174830,https://movie.naver.com/movie/bi/mi/photoViewPopup.nhn?movieCode=174830,./img/174830.jpg,2019,9.59,나를 세상에 태어나게 한 부모님을 고소하고 싶어요...출생기록조차 없이 살아온 어쩌면 12살 소년 자인으로부터,"레바논,프랑스",드라마
192613,디지몬 어드벤처 라스트 에볼루션  인연,https://movie.naver.com/movie/bi/mi/basic.nhn?code=192613,https://movie.naver.com/movie/bi/mi/photoViewPopup.nhn?movieCode=192613,./img/192613.jpg,2021,9.54,컴퓨터 모니터를 통해 세상 밖으로 나온 의문의 알.타이치와 히카리 남매 앞에 디지몬과의 신비롭고 운명적인 만남이 펼쳐진다.디지몬 어드벤처  운명적 만남우리들의 끈끈한 인연을 보여주자.대학생 타이치와 다른 선택받은 아이들은 모두 각자의 자리에서 저마다의 삶을 살아가고 있다.그러던 어느 날 전 세계의 선택받은 아이들에게 의문의 사건이 일어나기 시작한다.에오스몬이라 불리는 디지몬에 그 원인이 있음을 알게 된 타이치 일동은 에오스몬을 제압하려 하지만 이내 아구몬을 비롯한 디지몬들의 진화에 문제가 발생하는데세상의 이변에서 다시 한번 친구들을 구할 수 있을까디지몬 어드벤처  라스트 에볼루션 인연,일본,"애니메이션,모험"
144906,베일리 어게인,https://movie.naver.com/movie/bi/mi/basic.nhn?code=144906,https://movie.naver.com/movie/bi/mi/photoViewPopup.nhn?movieCode=144906,./img/144906.jpg,2018,9.52,귀여운 소년 이든의 단짝 반려견 베일리는 행복한 생을 마감한다.하지만 눈을 떠보니 다시 시작된 견생 2회차 아니 3회차1등 경찰견 엘리에서 찰떡같이 마음을 알아주는 소울메이트 티노까지다시 태어날 때마다 성별과 생김새 직업에 이름도 바뀌지만여전히 영혼만은 사랑 충만 애교 충만 주인바라기 베일리어느덧 견생 4회차 방랑견이 되어 떠돌던 베일리는마침내 자신이 돌아온 진짜 이유를 깨닫고 어딘가로 달려가기 시작하는데,미국,"모험,코미디,드라마"
151196,원더,https://movie.naver.com/movie/bi/mi/basic.nhn?code=151196,https://movie.naver.com/movie/bi/mi/photoViewPopup.nhn?movieCode=151196,./img/151196.jpg,2021,9.52,누구보다 위트 있고 호기심 많은 매력 부자 어기제이콥 트렘블레이.하지만 남들과 다른 외모로 태어난 어기는 모두가 좋아하는 크리스마스 대신 얼굴을 감출 수 있는 할로윈을 더 좋아한다.10살이 된 아들에게 더 큰 세상을 보여주고 싶었던 엄마 이사벨줄리아 로버츠과 아빠 네이트오웬 윌슨는 어기를 학교에 보낼 준비를 하고 동생에게 모든 것을 양보해왔지만 누구보다 그를 사랑하는 누나 비아도 어기의 첫걸음을 응원해준다.그렇게 가족이 세상의 전부였던 어기는 처음으로 헬멧을 벗고 낯선 세상에 용감하게 첫발을 내딛지만 첫날부터 남다른 외모로 화제의 주인공이 되고 사람들의 시선에 큰 상처를 받는다.그러나 어기는 27번의 성형수술을 견뎌낸 긍정적인 성격으로 다시 한번 용기를 내고 주변 사람들도 하나둘 변하기 시작하는데...,미국,드라마
175092,먼 훗날 우리,https://movie.naver.com/movie/bi/mi/basic.nhn?code=175092,https://movie.naver.com/movie/bi/mi/photoViewPopup.nhn?movieCode=175092,./img/175092.jpg,,9.51,2007년 춘절 귀향하는 기차에서 처음 만나 친구가 된 린젠칭정백연과 팡샤오샤오주동우. 베이징에서 함께 꿈을 나누며 연인으로 발전하지만 현실의 장벽 앞에 결국 가슴 아픈 이별을 하게 된다. 10년이 흐른 후 두 사람은 북경행 비행기에서 운명처럼 재회하고 지난 시간들을 돌아보며 추억을 이야기하기 시작하는데,중국,"드라마,멜로/로맨스"
169240,아일라,https://movie.naver.com/movie/bi/mi/basic.nhn?code=169240,https://movie.naver.com/movie/bi/mi/photoViewPopup.nhn?movieCode=169240,./img/169240.jpg,2018,9.51,1950년 한국전쟁에 파병된 슐레이만은 칠흑 같은 어둠 속 홀로 남겨진 5살 소녀를 발견한다.전쟁과 부모를 잃은 충격 속에 말을 잃은 소녀. 슐레이만은 소녀에게 터키어로 달이라는 뜻의 아일라라는 이름을 지어주고 함께 부대로 향한다. 서로에게 무엇과도 바꿀 수 없는 가장 소중한 존재가 된 두 사람. 그러나 행복도 잠시 슐레이만은 종전과 함께 고국으로 돌아가라는 명령을 받게 되고 아일라를 끝까지 지켜내기 위해 모두의 반대 속에 자신의 선택을 감행하게 되는데전 세계를 감동시킨 위대한 이야기가 찾아온다,"한국,터키","드라마,전쟁"
157243,당갈,https://movie.naver.com/movie/bi/mi/basic.nhn?code=157243,https://movie.naver.com/movie/bi/mi/photoViewPopup.nhn?movieCode=157243,./img/157243.jpg,2018,9.49,전직 레슬링 선수였던 마하비르 싱 포갓아미르 칸은 아버지의 반대로 금메달의 꿈을 이루지 못한 채 레슬링을 포기한다.아들을 통해 꿈을 이루겠다는 생각은 내리 딸만 넷이 태어나면서 좌절된다.그러던 어느 날 두 딸이 또래 남자아이들을 신나게 때린 모습에서 잠재력을 발견하고 레슬링 특훈에 돌입한다.사람들의 따가운 시선과 조롱에도 불구하고 첫째 기타파티마 사나 셰이크와 둘째 바비타산야 말호트라는아버지의 훈련 속에 재능을 발휘 승승장구 승리를 거두며 국가대표 레슬러로까지 성장해 마침내 국제대회에 출전하는데...,인도,"드라마,액션"
181710,포드 V 페라리,https://movie.naver.com/movie/bi/mi/basic.nhn?code=181710,https://movie.naver.com/movie/bi/mi/photoViewPopup.nhn?movieCode=181710,./img/181710.jpg,2019,9.48,1960년대 매출 감소에 빠진 포드는 판매 활로를 찾기 위해스포츠카 레이스를 장악한 절대적 1위 페라리와의 인수 합병을 추진한다.막대한 자금력에도 불구 계약에 실패하고 엔초 페라리로부터 모욕까지 당한 헨리 포드 2세는르망 24시간 레이스에서 페라리를 박살 낼 차를 만들 것을 지시한다. 불가능을 즐기는 두 남자를 주목하라세계 3대 자동차 레이싱 대회이자 지옥의 레이스로 불리는 르망 24시간 레이스.출전 경험조차 없는 포드는 대회 6연패를 차지한 페라리에 대항하기 위해르망 레이스 우승자 출신 자동차 디자이너 캐롤 셸비맷 데이먼를 고용하고 그는 누구와도 타협하지 않지만 열정과 실력만큼은 최고인 레이서 켄 마일스크리스찬 베일를 자신의 파트너로 영입한다.포드의 경영진은 제 멋대로인 켄 마일스를 눈엣가시처럼 여기며자신들의 입맛에 맞춘 레이스를 펼치기를 강요하지만두 사람은 어떤 간섭에도 굴하지 않고 불가능을 뛰어넘기 위한 질주를 시작하는데그 어떤 각본보다 놀라운 실화가 펼쳐진다,미국,"액션,드라마"
196843,극장판 바이올렛 에버가든,https://movie.naver.com/movie/bi/mi/basic.nhn?code=196843,https://movie.naver.com/movie/bi/mi/photoViewPopup.nhn?movieCode=196843,./img/196843.jpg,2020,9.48,친애하는 길베르트 소령님오늘도 또 당신을 떠올리고 말았습니다. 무엇을 보든 무엇을 하든 당신이 떠오릅니다. 시간이 지나도 당신과 보냈던 기억은 선명하게 되살아납니다. 당신은 날 곁에 두었고 아무것도 모르는 제게 살아가는 방법을 가르쳐 주셨고처음으로 사랑이라는 감정을 알려주셨습니다. 그래서 이렇게 또 편지를 쓰게 됩니다. 언젠가 이 편지가 당신에게 닿기를 바라며,일본,"애니메이션,드라마,판타지"
179518,주전장,https://movie.naver.com/movie/bi/mi/basic.nhn?code=179518,https://movie.naver.com/movie/bi/mi/photoViewPopup.nhn?movieCode=179518,./img/179518.jpg,2019,9.47,일본의 인종차별 문제를 다룬 영상을 올린 후 우익들의 공격 대상이 된 일본계 미국인 유튜버 미키 데자키. 그는 일본군위안부에 관한 기사를 쓴 기자가 우익들에게 인신공격 당하는 것을 보며 왜 그토록 이들이 이 문제를 감추려고 하는지 궁금해졌다.호기심을 안고 찾아간 그들은 무시무시한 이야기를 전하고 그들의 주장을 반격하는 또 다른 인물들을 만나면서 숨겨진 비밀을 발견하게 되는데 숨 쉴 틈 없는 전쟁이 시작된다,미국,다큐멘터리
196828,"그대, 고맙소  김호중 생애 첫 팬미팅 무비",https://movie.naver.com/movie/bi/mi/basic.nhn?code=196828,https://movie.naver.com/movie/bi/mi/photoViewPopup.nhn?movieCode=196828,./img/196828.jpg,2020,9.46,2020년 대한민국을 뒤흔든 트로트계의 파바로티 트바로티 김호중과 아리스가 서로에게 전하고픈 하나의 진심을 그대 고맙소  김호중 생애 첫 팬미팅 무비에 담아 전한다.꼭 말해주고 싶었습니다2020년 8월 김호중 팬미팅 현장의 열기와 기쁨 현장에선 보지 못했던 비하인드 스토리와 미공개 무대까지 스크린에 담았다. 스크린X 오리지널 작품으로 기획 단계부터 고려된 3면 촬영 영상이 선보이는 현장보다 더 생생한 팬미팅 무비팬미팅 현장에서 열창했던 곡들과 그대 고맙소  김호중 생애 첫 팬미팅 무비를 위해 특별히 촬영된 미공개 무대까지 총 10곡의 무대를 선보인다. 역경을 딛고 일어나 인생역전의 아이콘이 되기까지 김호중이 느껴온 심정과 다져온 각오를 표현한 노래들을 담고 있다. 신곡과 미공개 무대들을 포함한 팬미팅 무비는 군입대 전 마지막 팬미팅 영상이자 팬들에게 전하고픈 김호중의 진심을 꾹꾹 눌러 담아 전하고 있다.,한국,공연실황
17421,쇼생크 탈출,https://movie.naver.com/movie/bi/mi/basic.nhn?code=17421,https://movie.naver.com/movie/bi/mi/photoViewPopup.nhn?movieCode=17421,./img/17421.jpg,2016,9.45,촉망 받던 은행 부지점장 앤디팀 로빈슨 는 아내와 그 애인을 살해한 혐의로 종신형을 받고 쇼생크 교도소에 수감된다.강력범들이 수감된 이곳에서 재소자들은 짐승 취급 당하고 혹여 간수 눈에 잘못 보였다가는 개죽음 당하기 십상이다.처음엔 적응 못하던 앤디는 교도소 내 모든 물건을 구해주는 레드모건 프리먼 와 친해지며 교도소 생활에 적응하려 하지만 악질 재소자에게 걸려 강간까지 당한다.그러던 어느 날 간수장의 세금 면제를 도와주며 간수들의 비공식 회계사로 일하게 되고 마침내는 소장의 검은 돈까지 관리해주게 된다.덕분에 교도소 내 도서관을 열 수 있게 되었을 무렵 신참내기 토미길 벨로우스 로부터 앤디의 무죄를 입증할 기회를 얻지만 노튼 소장은 앤디를 독방에 가두고 토미를 무참히 죽여버리는데...,미국,드라마
10200,터미네이터 2오리지널,https://movie.naver.com/movie/bi/mi/basic.nhn?code=10200,https://movie.naver.com/movie/bi/mi/photoViewPopup.nhn?movieCode=10200,./img/10200.jpg,2019,9.44,미래 인류와 기계의 전쟁은 계속 되는 가운데 스카이넷은 인류 저항군 사령관 존 코너를 없애기 위해액체 금속형 로봇인 T1000을 과거의 어린 존 코너에게로 보낸다. 미래의 인류 운명을 쥔 어린 존 코너. 스카이넷의 T1000은 거침없이 숨 가쁜 추격을 시작하는데,"미국,프랑스","SF,액션,스릴러"
10016,나 홀로 집에,https://movie.naver.com/movie/bi/mi/basic.nhn?code=10016,https://movie.naver.com/movie/bi/mi/photoViewPopup.nhn?movieCode=10016,./img/10016.jpg,1991,9.43,크리스마스 시즌의 시카고. 말썽꾸러기라 집안 가족들로부터 욕을 듣고 따돌림 당하는 케빈은 늘 자신은 혼자 살거라면서 가족들이 모두 없어졌으면 좋겠다고 생각한다. 자기의 치즈 피자를 먹은 형과 싸워 소동을 일으키자 엄마는 케빈을 3층 다락방으로 올려보낸다. 케빈의 가족들과 케빈의 집에 온 손님들은 다음 날에 크리스마스 연휴를 이용해 프랑스의 친척 집으로 떠날 계획이었다. 그날 밤 바람이 세차게 불어 전화선과 전기선이 끊긴다. 케빈의 가족들은 늦잠을 자게 되어 비행기 시간을 맞추기 위해 허둥대다가 그만 3층 다락방에서 잠이 든 케빈을 두고 떠난다. 잠에서 깬 케빈은 혼자 남은 것을 알고 하느님이 자신의 소원을 들어주었다고 기뻐한다. 비행기를 타고 가던 케빈의 어머니는 무엇인가 빠뜨린 기분에 고민하다가 케빈을 두고 왔음에 놀란다. 하지만 전화선이 불통이라 어쩔 수 없다가 프랑스에 도착한 식구들은 목적지로 가고 엄마는 케빈이 걱정이 되어 집으로 돌아갈 비행기표를 사기 위해 안간힘을 쓰지만 연말연휴라 좌석이 없었다.혼자 집에 남은 케빈은 형과 누나 방을 구경하면서 즐거워한다. 그리고 노래를 부르고 트리도 만들면서 자축한다. 그런데 빈집털이 2인조 도둑이 케빈의 집을 호시탐탐 노리고 있다는 것을 알게 되는데...,미국,"모험,범죄,가족,코미디"
154667,덕구,https://movie.naver.com/movie/bi/mi/basic.nhn?code=154667,https://movie.naver.com/movie/bi/mi/photoViewPopup.nhn?movieCode=154667,./img/154667.jpg,2018,9.43,어린 손자와 살고 있는 일흔 살 덕구 할배는자신에게 주어진 시간이 얼마 남지 않음을 알게 된다.세상에 덩그러니 남겨질 두 아이들을 위해할배는 자신을 대신할 사람을 찾아주기로 하고홀로 먼 길을 떠나 특별한 선물을 준비하는데..,한국,드라마
18988,라이언 일병 구하기,https://movie.naver.com/movie/bi/mi/basic.nhn?code=18988,https://movie.naver.com/movie/bi/mi/photoViewPopup.nhn?movieCode=18988,./img/18988.jpg,1998,9.43,1944년 6월 6일 노르망디 상륙 작전. 오마하 해변에 대기하고 있던 병사들은 한치 앞도 내다볼 수 없는 긴장된 상황과 두려움에 무기력함을 감출 수 없었다. 노르망디 해변을 응시하는 밀러 대위Captain Miller 톰 행크스 분 그리고 전쟁 중 가장 어려운 임무를 수행해야할 두려움에 지친 그의 대원들. 지옥을 방불케하는 치열한 총격전이 벌어지고 수 많은 병사들이 총 한번 제대로 쏘지 못하고 쓰러져간다. 마침내 밀러 대위를 위시한 그들은 몇번의 죽을 고비를 넘기고 맡은 바 임무를 완수한다. 같은 시각 2차 대전이 종전으로 치닫는 치열한 전황 속에서 미 행정부는 전사자 통보 업무를 진행하던 중 충격적인 사실을 발견하게 된다. 4형제 모두 이 전쟁에 참전한 라이언 가에서 며칠간의 시차를 두고 3형제가 이미 전사하고 막내 제임스 라이언 일병Private Ryan 맷 데몬 분만이 프랑스 전선에 생존해 있음을 알게 된 것이다. 네명의 아들 가운데 이미 셋을 잃은 라이언 부인을 위해 미 행정부는 막내 제임스를 구하기 위한 매우 특별한 작전을 지시한다. 결국 사령부에서 막내를 찾아 집으로 보낼 임무는 밀러에게 부여되고 이것은 이제껏 수행했던 임무보다 훨씬 어렵고 힘든 것이었다. 밀러는 여섯 명의 대원들과 통역병 업햄Corporal Timothy Upham 제레미 데이비스 분 등 새로운 팀을 구성 작전에 투입된다. 라이언의 행방을 찾아 최전선에 투입된 밀러와 대원들은 미군에게 접수된 마을을 지나던 중 의외로 쉽게 그를 찾아낸다. 하지만 임무 완수의 기쁨도 잠시. 그는 제임스 라이언과 성만 같은 다른 인물로 밝혀진다. 다음 날 밀러 일행은 우연히 한 부상병을 통해 제임스 라이언이 라멜 지역의 다리를 사수하기 위해 작전에 투입됐고 현재는 독일군 사이에 고립돼 있다는 사실을 듣게 된다. 단 한명의 목숨을 구하기 위해 여덟 명이 위험을 감수해야할 상황에서 대원들은 과연 라이언 일병 한 명의 생명이 그들 여덟 명의 생명보다 더 가치가 있는 것인가라는 끊임없는 혼란에 빠진다. 하지만 지휘관으로서 작전을 끝까지 책임지고 성공적으로 완수해야 할 밀러는 부하들을 설득해 다시 라이언 일병이 있다는 곳으로 향한다. 도중에 독일군과의 간헐적인 전투를 치르면서 결국 밀러 일행은 라멜 외곽지역에서 극적으로 라이언 일병을 찾아낸다. 하지만 라이언은 다리를 사수해야할 동료들을 사지에 남겨두고 혼자 돌아가는 것을 거부하는데.,미국,"전쟁,액션,드라마"
35939,클래식,https://movie.naver.com/movie/bi/mi/basic.nhn?code=35939,https://movie.naver.com/movie/bi/mi/photoViewPopup.nhn?movieCode=35939,./img/35939.jpg,2003,9.43,같은 대학에 다니는 지혜손예진와 수경은 연극반 선배 상민조인성을 좋아한다. 하지만 호들갑스런 수경이 상민에게 보낼 편지의 대필을 부탁하고 지혜는 수경의 이름으로 상민을 향한 자신의 감정을 고백한다. 지혜의 편지로 맺어진 수경과 상민이 가까워지면서 지혜는 괜한 죄의식에 상민을 멀리 하려 하지만 우연하게도 자꾸만 마주치게 된다. 오래 전 사랑은 이미 시작되었다... 한편 아빠를 일찍 여읜 지혜는 지금은 해외 여행 중인 엄마 주희와 단둘이 살다. 엄마의 빈자리를 털기 위해 다락방을 청소하던 지혜는 우연히 엄마의 비밀 상자를 발견하게 된다. 주희의 첫사랑의 기억이 고스란히 담겨있는 비밀 상자를 보면서 지혜는 엄마의 클래식한 사랑을 조금씩 알게 된다. 귀를 기울이면 그들의 안타까운 사랑이 들려온다 1968년 여름... 방학을 맞아 시골 삼촌댁에 간 준하조승우는 그곳에서 성주희손예진를 만나 한눈에 그녀에게 매료된다. 그런 주희가 자신에게만 은밀하게 귀신 나오는 집에 동행해줄 것을 부탁해온다. 흔쾌히 수락한 준하는 흥분된 마음을 가까스로 누르며 주희와의 약속 장소에 나간다. 그런데 갑작스런 소나기를 만나 배가 떠내려가면서 귀가 시간이 늦어지고 이 일로 주희는 집안 어른에게 심한 꾸중을 듣고 수원으로 보내진다. 작별 인사도 못하고 헤어진 주희를 향한 준하의 마음은 안타깝기만 하다. 그렇게 방학이 끝나고 학교로 돌아온 준하는 친구 태수에게 연애편지의 대필을 부탁받는데 상대가 주희란 사실에 깜짝 놀란다. 하지만 태수에게 그 사실을 말하지 못하고 태수의 이름으로 자신의 마음을 담아 주희에게 편지를 쓴다. 운명이 던져준 또 한번의 인연 편지를 대신 써주며 사랑이 깊어간 엄마와 자신의 묘하게도 닮은 첫사랑. 이 우연의 일치에 내심 의아해하는 지혜는 상민에 대한 생각이 더욱 깊어만 간다. 하지만 이미 친구의 연인이 되어버린 그를 포기하기로 마음먹는데...,한국,"멜로/로맨스,드라마"
69105,월E,https://movie.naver.com/movie/bi/mi/basic.nhn?code=69105,https://movie.naver.com/movie/bi/mi/photoViewPopup.nhn?movieCode=69105,./img/69105.jpg,2008,9.42,텅 빈 지구에 홀로 남아 수백 년이란 시간을 외롭게 일만 하며 보내던 월E WALLE Waste Allocation Load Lifter EarthClass 지구 폐기물 수거처리용 로봇. 그런 그가 매력적인 탐사 로봇 이브와 마주친 순간 잡동사니 수집만이 낙이던 인생에도 소중한 목표가 생긴다. 이브는 지구의 미래를 결정할 열쇠가 우연히 월E의 손에 들어간 사실을 알게 되고 고향별로 돌아갈 날만 애타게 기다리는 인간들에게 이를 보고하기 위해 서둘러 우주로 향한다. 한편 월E는 이브를 뒤쫓아 은하를 가로지르며 스크린 사상 가장 짜릿한 상상이 넘치는 어드벤처를 선사한다. 이제껏 꿈에서도 볼 수 없었던 미래 세계를 배경으로 우주에서 펼쳐지는 월E의 환상적인 모험 애완용 바퀴벌레 용맹스럽지만 어딘가 나사가 빠진 듯한 사회 부적응 로봇 군단 등 일련의 유쾌한 캐릭터들이 여기에 동참한다.,미국,"애니메이션,SF,가족,코미디,멜로/로맨스,모험"
156464,보헤미안 랩소디,https://movie.naver.com/movie/bi/mi/basic.nhn?code=156464,https://movie.naver.com/movie/bi/mi/photoViewPopup.nhn?movieCode=156464,./img/156464.jpg,2018,9.42,공항에서 수하물 노동자로 일하며 음악의 꿈을 키우던 이민자 출신의 아웃사이더 파록버사라보컬을 구하던 로컬 밴드에 들어가게 되면서 프레디 머큐리라는 이름으로 밴드 퀸을 이끌게 된다. 시대를 앞서가는 독창적인 음악과 화려한 퍼포먼스로 관중들을 사로잡으며 성장하던 퀸은 라디오와 방송에서 외면을 받을 것이라는 음반사의 반대에도 불구하고 무려 6분 동안 이어지는 실험적인 곡 보헤미안 랩소디로 대성공을 거두며 월드스타 반열에 오른다.그러나 독보적인 존재감을 뿜어내던 프레디 머큐리는 솔로 데뷔라는 유혹에 흔들리게 되고결국 오랜 시간 함께 해왔던 멤버들과 결별을 선언하게 되는데세상에서 소외된 아웃사이더에서 전설의 록밴드 퀸이 되기까지우리가 몰랐던 그들의 진짜 이야기가 시작된다,"미국,영국",드라마
203288,잭 스나이더의 저스티스 리그,https://movie.naver.com/movie/bi/mi/basic.nhn?code=203288,https://movie.naver.com/movie/bi/mi/photoViewPopup.nhn?movieCode=203288,./img/203288.jpg,,9.41,슈퍼맨이 죽고 지구에 어둠의 그림자가 드리운다. 마더박스를 차지하기 위해 빌런 스테픈울프가 파라데몬 군단을 이끌고 지구에 온 것이다.지구를 지키기 위해 목숨을 바친 슈퍼맨의 희생이 헛되지 않도록 하기 위해 브루스 웨인은 다이애나 프린스와 적에 맞서기로 한다. 배트맨과 원더 우먼은 새로이 등장한 위협에 맞서 싸우기 위해 특별한 능력을 가진 메타휴먼 아쿠아맨과 사이보그 플래시를 찾아가 설득하여 힘을 합친다.드디어 한 팀이 된 저스티스 리그. 혹시 스테픈울프와 데사드 그리고 다크사이드를 물리치기에 너무 늦어버린 것이 아닐까,미국,"액션,모험,판타지,SF"
10102,사운드 오브 뮤직,https://movie.naver.com/movie/bi/mi/basic.nhn?code=10102,https://movie.naver.com/movie/bi/mi/photoViewPopup.nhn?movieCode=10102,./img/10102.jpg,2017,9.42,음악을 사랑하는 말괄량이 견습 수녀 마리아는 원장 수녀의 권유로 해군 명문 집안 폰 트랩가의 가정교사가 된다. 마리아는 좀처럼 마음의 문을 열지 않는 폰 트랩가의 일곱 아이들에게 노래를 가르치며 점차 교감하게 되고 엄격한 폰 트랩 대령 역시 마음의 문을 열게 된다. 그러던 어느 날 마리아는 자신이 폰 트랩 대령을 사랑하고 있다는 사실을 깨닫게 되고 자신만의 비밀을 간직한 채 아이들의 곁을 떠나 다시 수녀원에 들어가기로 결심하는데,미국,"멜로/로맨스,뮤지컬,드라마"
17159,포레스트 검프,https://movie.naver.com/movie/bi/mi/basic.nhn?code=17159,https://movie.naver.com/movie/bi/mi/photoViewPopup.nhn?movieCode=17159,./img/17159.jpg,2016,9.41,불편한 다리 남들보다 조금 떨어지는 지능을 가진 외톨이 소년 포레스트 검프 헌신적이고 강인한 어머니의 보살핌과 콩깍지 첫사랑 소녀 제니와의 만남으로 사회의 편견과 괴롭힘 속에서도 따뜻하고 순수한 마음을 지니고 성장한다.여느 날과 같이 또래들의 괴롭힘을 피해 도망치던 포레스트는 누구보다 빠르게 달릴 수 있는 자신의 재능을 깨닫고 늘 달리는 삶을 살아간다. 포레스트의 재능을 발견한 대학에서 그를 미식축구 선수로 발탁하고 졸업 후에도 뛰어난 신체능력으로 군에 들어가 누구도 예상치 못한 성과를 거둬 무공훈장을 수여받는 등 탄탄한 인생 가도에 오르게 된 포레스트.하지만 영원히 행복할 것만 같았던 시간도 잠시 어머니가 병에 걸려 죽음을 맞이하고 첫사랑 제니 역시 그의 곁을 떠나가며 다시 한번 인생의 전환점을 맞이하게 되는데 과연 포레스트는 진정한 삶의 행복을 발견할 수 있을까진정한 삶의 가치와 의미를 제시하는 감동 바이블올 가을 다시 한번 세상에서 가장 눈부신 달리기가 시작된다 Run Forrest Run,미국,"드라마,코미디"
10002,빽 투 더 퓨쳐,https://movie.naver.com/movie/bi/mi/basic.nhn?code=10002,https://movie.naver.com/movie/bi/mi/photoViewPopup.nhn?movieCode=10002,./img/10002.jpg,2015,9.42,힐 밸리Hill Valley에 사는 주인공 마티 맥플라이Marty McFly 마이클 J. 폭스 분는 록큰롤 스케이트보드 그리고 자동차를 좋아하는 명랑 쾌할한 고교생으로 아버지 죠지George Douglas McFly 크리스핀 글로버 분와 어머니 로레인Lorraine Baines 리아 톰슨 분 그리고 형과 누나가 있는 가정의 평범한 청소년이다. 평소 친하게 지내던 괴상한 발명가 에메트 브라운 박사Dr. EmmDr. Emmett L. Doc Brown 크리스토퍼 로이드 분가 스포츠카 드로리안DeLorean을 개조해 타임머신을 만들지만 뜻밖의 사고로 브라운 박사가 테러범들에게 총을 맞고 위험해진 마티는 급기야 30년 전으로 간다.극장 간판에는 2류 배우인 로널드 레이건이 보이고 청년인 아버지와 어머니를 보게 된다. 그러나 젊은 아버진 여전히 멍청하고 무엇보다 어머니가 미래의 아들인 마티를 좋아해 야단이다. 마티가 미래로 가는 것을 도와 줄 사람은 30년 전인 젊은 브라운 박사뿐. 댄스 파티가 열리는 날에 아버지와 어머니가 만났던 것을 기억한 마티는 두 사람을 결합시키고자 어머니와 파티장으로 간다. 그런데 심술장이 밥Biff Tannen 토마스 F. 윌슨 분이 나타나 어머니를 겁탈하려 하나 화가 난 아버지가 일격에 때려 눕혀 그때부터 소심했던 아버지의 성격이 바낀다. 무사히 부모님은 만나 마티의 존재는 없었지지 않지만 마티의 미래로의 귀환Back to the future이 어려워지는 사태를 맞는데....,미국,"SF,코미디"
29217,글래디에이터,https://movie.naver.com/movie/bi/mi/basic.nhn?code=29217,https://movie.naver.com/movie/bi/mi/photoViewPopup.nhn?movieCode=29217,./img/29217.jpg,2000,9.40,절정기의 로마제국은 그 영토가 광대하여 아프리카 사막에서 잉글랜드 북쪽까지 걸쳐 있었다. 그 당시 세계는 그 총인구의 1/4이 로마 황제의 지배 하에 있었다. 때는 서기 180년 마르커스 아우렐리우스Marcus Aurelius 황제의 12년에 걸친 게르마니아Germania 정벌이 거의 마무리되던 무렵이었다. 마지막 하나 남은 적의 요새만 함락하면 이제 로마 제국은 평화가 온다. 평화로운 5현제 시대가 막바지에 이른 서기 180년 로마. 어두운 삼림. 수백명의 부대가 숨을 죽이고 서 있다. 마치 폭풍전야와 같이. 장군의 신호가 울리고 거대한 함성소리와 함께 하늘에는 불화살 불타는 점토 항아리가 난무하고 땅위는 수많은 병사들의 피로 물든다. 철인 황제 마르쿠스 아우렐리우스Marcus Aurelius 리차드 해리스 분가 아들처럼 친애하는 장군 막시무스General Maximus 러셀 크로우 분는 다뉴브 강가 전투에서 대승한다. 죽을 날이 머지않은 황제 마르쿠스 아우렐리우스는 막시무스를 총애하여 아들이 아닌 그에게 왕위를 넘겨주기로 한다. 그러나 황제의 아들 코모두스는 이에 질투와 분노를 느껴 급기야 황제를 살해한다. 왕좌를 이어받은 코모두스는 막시무스와 그의 가족을 죽이라고 명령한다. 가족을 모두 잃고 혼자 겨우 살아남게 된 막시무스는 노예로 전락하고 투기장의 검투사로 매일 훈련을 받는다. 그에게 남은 건 오로지 새로 즉위한 황제 코모두스에 대한 복수 뿐. 검투사로서 매 경기마다 승리로 이끌면서 살아남자 그의 명성과 인기는 날로 높아간다. 로마로 돌아온 그는 아내와 아들을 죽인 코모두스에 대한 복수를 다짐한다. 그러던 어느날 오래전 사랑했던 황제의 누이 루실라Lucilla 코니 닐슨 분를 다시 만나게 된다. 어느 새 민중의 영웅이 된 막시무스. 코모두스는 그가 아직 살아있음을 알고 분노하지만 민중이 두려워 그를 죽이지 못한다. 드디어 막시무스는 예전의 부하들과 은밀히 만나 사랑하는 아내와 아들 존경하던 황제를 살해한 난폭한 황제 코모두스에 대한 복수를 결의한다. 아직도 막시무스를 사랑하고 있는 루실라는 동생 코모두스를 배신하고 막시무스의 반란을 도우려 하는데.,"미국,영국","액션,드라마"
106360,위대한 쇼맨,https://movie.naver.com/movie/bi/mi/basic.nhn?code=106360,https://movie.naver.com/movie/bi/mi/photoViewPopup.nhn?movieCode=106360,./img/106360.jpg,2020,9.41,쇼 비즈니스의 창시자이자 꿈의 무대로 전세계를 매료시킨 남자바넘의 이야기에서 영감을 받아 탄생한 오리지널 뮤지컬 영화 위대한 쇼맨.레미제라블 이후 다시 뮤지컬 영화로 돌아온 휴 잭맨부터 잭 에프론 미셸 윌리엄스 레베카 퍼거슨 젠다야까지할리우드 최고의 배우들이 합류해 환상적인 앙상블을 선보인다.여기에 미녀와 야수 제작진과 라라랜드 작사팀의 합류로더욱 풍성해진 비주얼과 스토리 음악까지 선보일 위대한 쇼맨은우리는 누구나 특별하다는 메시지로 관객들에게 재미는 물론 감동까지 선사할 것이다.THIS IS ME 우리는 누구나 특별하다,미국,"드라마,뮤지컬"
82432,헬프,https://movie.naver.com/movie/bi/mi/basic.nhn?code=82432,https://movie.naver.com/movie/bi/mi/photoViewPopup.nhn?movieCode=82432,./img/82432.jpg,2011,9.42,1963년 미국 남부 미시시피 잭슨흑인 가정부는 백인 주인과 화장실도 같이 쓸 수 없다아무도 가정부의 삶에 대해 묻지 않았다. 그녀가 책을 쓰기 전까지는돈 많은 남자와 결혼해 정원과 가정부가 딸린 집의 안주인이 되는 게 최고의 삶이라 여기는 친구들과 달리 대학 졸업 후 작가의 꿈을 이루기 위해 지역 신문사에 취직한 스키터엠마 스톤. 살림 정보 칼럼의 대필을 맡게 된 그녀는 베테랑 가정부 에이빌린바이올라 데이비스에게 도움을 요청한다. 다른 인생은 꿈꿔보지도 못한 채 가정부가 되어 17명의 백인 아이를 헌신적으로 돌봤지만 정작 자신의 아들은 사고로 잃은 에이빌린. 스키터에게 살림 노하우를 알려주던 그녀는 어느 누구도 관심 갖지 않았던 자신과 흑인 가정부들의 인생을 책으로 써보자는 위험한 제안을 받는다. 때 마침 주인집의 화장실을 썼다는 황당한 이유로 쫓겨난 가정부 미니옥타비아 스펜서가 두 여자의 아슬아슬하지만 유쾌한 반란에 합류한다. 차별과 불만을 이야기 하는 것조차 불법이 되고 생명을 위협받는 일이 되는 시대에 태어나 처음으로 누군가에게 자신들의 이야기를 털어 놓기 시작하는 에이빌린과 미니. 그녀들의 용기 있는 고백은 세상을 발칵 뒤집을 만한 책을 탄생시키는데,미국,드라마
24452,매트릭스,https://movie.naver.com/movie/bi/mi/basic.nhn?code=24452,https://movie.naver.com/movie/bi/mi/photoViewPopup.nhn?movieCode=24452,./img/24452.jpg,2019,9.41,인간의 기억마저 AI에 의해 입력되고 삭제 되는 세상.진짜보다 더 진짜 같은 가상 현실 매트릭스그 속에서 진정한 현실을 인식할 수 없게 재배되는 인간들.그 매트릭스를 빠져 나오면서 AI에게 가장 위험한 인물이 된모피어스는 자신과 함께 인류를 구할 마지막 영웅 그를 찾아 헤맨다.마침내 모피어스는 낮에는 평범한 회사원으로 밤에는 해커로 활동하는 청년 네오를 그로 지목하는데꿈에서 깨어난 자들 이제 그들이 만드는 새로운 세상이 열린다,미국,"SF,액션"
197647,가나의 혼인잔치 언약,https://movie.naver.com/movie/bi/mi/basic.nhn?code=197647,https://movie.naver.com/movie/bi/mi/photoViewPopup.nhn?movieCode=197647,./img/197647.jpg,2020,9.40,우리는 소망을 잃어버렸다.예수의 언약을 잊어버렸다.하지만 최근 연구를 통해숨겨둔 언약의 비밀이 드러나게 되는데예수는 무엇을 약속하셨는가역사를 통해 드러난 충격적인 비밀이우리의 영성을 두드린다.가장 안전하고 정확하게 언약 속 비밀을 맞이하라,미국,"다큐멘터리,드라마"
22126,인생은 아름다워,https://movie.naver.com/movie/bi/mi/basic.nhn?code=22126,https://movie.naver.com/movie/bi/mi/photoViewPopup.nhn?movieCode=22126,./img/22126.jpg,2016,9.40,로마에 갓 상경한 시골 총각 귀도는 운명처럼 만난 여인 도라에게 첫눈에 반한다. 넘치는 재치와 유머로 약혼자가 있던 그녀를 사로잡은 귀도는 도라와 단란한 가정을 꾸리며 분신과도 같은 아들 조수아를 얻는다. 조수아의 다섯 살 생일 갑작스레 들이닥친 군인들은 귀도와 조수아를 수용소 행 기차에 실어버리고 소식을 들은 도라 역시 기차에 따라 오른다. 귀도는 아들을 달래기 위해 무자비한 수용소 생활을 단체게임이라 속이고 1000점을 따는 우승자에게는 진짜 탱크가 주어진다고 말한다. 불안한 하루하루가 지나 어느덧 전쟁이 끝났다는 말을 들은 귀도는 마지막으로 조수아를 창고에 숨겨둔 채 아내를 찾아 나서는데전세계를 울린 위대한 사랑 마법처럼 놀라운 이야기가 찾아온다,이탈리아,"드라마,코미디"
18847,타이타닉,https://movie.naver.com/movie/bi/mi/basic.nhn?code=18847,https://movie.naver.com/movie/bi/mi/photoViewPopup.nhn?movieCode=18847,./img/18847.jpg,2018,9.40,우연한 기회로 티켓을 구해 타이타닉호에 올라탄 자유로운 영혼을 가진 화가 잭레오나르도 디카프리오은 막강한 재력의 약혼자와 함께 1등실에 승선한 로즈케이트 윈슬렛에게 한 눈에 반한다. 진실한 사랑을 꿈꾸던 로즈 또한 생애 처음 황홀한 감정에 휩싸이고 둘은 운명 같은 사랑에 빠지는데,미국,"멜로/로맨스,드라마"
35901,살인의 추억,https://movie.naver.com/movie/bi/mi/basic.nhn?code=35901,https://movie.naver.com/movie/bi/mi/photoViewPopup.nhn?movieCode=35901,./img/35901.jpg,2003,9.41,1986년 경기도. 젊은 여인이 무참히 강간 살해당한 시체로 발견된다. 2개월 후 비슷한 수법의 강간살인사건이 연이어 발생하면서 사건은 세간의 주목을 받기 시작하고 일대는 연쇄살인이라는 생소한 범죄의 공포에 휩싸인다. 사건 발생지역에 특별수사본부가 설치되고 수사본부는 구희봉 반장변희봉 분을 필두로 지역토박이 형사 박두만송강호 분과 조용구김뢰하 분 그리고 서울 시경에서 자원해 온 서태윤김상경 분이 배치된다. 육감으로 대표되는 박두만은 동네 양아치들을 족치며 자백을 강요하고 서태윤은 사건 서류를 꼼꼼히 검토하며 사건의 실마리를 찾아가지만 스타일이 다른 두 사람은 처음부터 팽팽한 신경전을 벌인다. 용의자가 검거되고 사건의 끝이 보일 듯 하더니 매스컴이 몰려든 현장 검증에서 용의자가 범행 사실을 부인하면서 현장은 아수라장이 되고 구반장은 파면 당한다. 수사진이 아연실색할 정도로 범인은 자신의 흔적을 남기지 않는다. 살해하거나 결박할 때도 모두 피해자가 착용했거나 사용하는 물품을 이용한다. 심지어 강간사 일 경우 대부분 피살자의 몸에 떨어져 있기 마련인 범인의 음모 조차 단 하나도 발견되지 않는다. 후임으로 신동철 반장송재호 분이 부임하면서 수사는 활기를 띠기 시작한다. 박두만은 현장에 털 한 오라기 남기지 않는다는 점에 착안 근처의 절과 목욕탕을 뒤지며 무모증인 사람을 찾아 나서고 사건 파일을 검토하던 서태윤은 비오는 날 빨간 옷을 입은 여자가 범행대상이라는 공통점을 밝혀낸다. 선제공격에 나선 형사들은 비오는 밤 여경에게 빨간 옷을 입히고 함정 수사를 벌인다. 그러나 다음날 아침 돌아오는 것은 또다른 여인의 끔찍한 사체. 사건은 해결의 실마리를 다시 감추고 냄비처럼 들끊는 언론은 일선 형사들의 무능을 지적하면서 형사들을 더욱 강박증에 몰아넣는데.,한국,"범죄,미스터리,스릴러,코미디,드라마"
32686,센과 치히로의 행방불명,https://movie.naver.com/movie/bi/mi/basic.nhn?code=32686,https://movie.naver.com/movie/bi/mi/photoViewPopup.nhn?movieCode=32686,./img/32686.jpg,2015,9.39,금지된 세계의 문이 열렸다 이사 가던 날 수상한 터널을 지나자 인간에게는 금지된 신들의 세계로 오게 된 치히로..신들의 음식을 먹은 치히로의 부모님은 돼지로 변해버린다.  걱정마 내가 꼭 구해줄게겁에 질린 치히로에게 다가온 정체불명의 소년 하쿠.그의 따뜻한 말에 힘을 얻은 치히로는 인간 세계로 돌아가기 위해 사상 초유의 미션을 시작하는데,일본,"애니메이션,판타지,모험,가족"
66463,토이 스토리 3,https://movie.naver.com/movie/bi/mi/basic.nhn?code=66463,https://movie.naver.com/movie/bi/mi/photoViewPopup.nhn?movieCode=66463,./img/66463.jpg,2010,9.39,모든 장난감들이 겪는 가장 슬픈일은 바로 주인이 성장해 더이상 자신들과 놀아주지 않는 것. 우디와 버즈에게도 그 위기가 찾아온다. 앤디가 대학에 진학 집을 떠나게 된 것.  헤어짐의 불안에 떨던 토이들은 앤디 엄마의 실수로 집을 나오게 된 이들은 우여곡절 끝에 탁아소에 기증되는 신세가 된다  그런데 오마이갓 어린이집 애들 장난이 아니게 난폭하고 험하다. 그리고 상상도 못했던 거대한 음모까지 숨겨져 있는 어린이집 장난감의 세계.  그러다 앤디가 여전히 자신들을 사랑한다는 사실을 알게 된 토이 군단은 앤디 곁으로 돌아가기 위해 생애 가장 큰 모험을 결심한다. 우디를 중심으로 똘똘뭉친 토이들 과연 이들의 위대한 탈출은 성공할 것인가,미국,"애니메이션,모험,코미디,가족,판타지"
31162,캐스트 어웨이,https://movie.naver.com/movie/bi/mi/basic.nhn?code=31162,https://movie.naver.com/movie/bi/mi/photoViewPopup.nhn?movieCode=31162,./img/31162.jpg,2001,9.39,세상에서 가장 바쁜 사람인양 전세계를 돌아다니며 시간에 얽매여 살아가는 남자 척 놀랜드톰 행크스 분. 페덱스의 직원인 그는 여자친구 캘리 프레어스헬렌 헌트 분와 깊은 사랑을 나누지만 막상 함께 할 시간은 가지지 못한다. 크리스마스 이브 캘리와의 로맨틱한 데이트를 채 끝내지도 못한 그에게 빨리 비행기를 타라는 호출이 울리고 둘은 연말을 기약하고 헤어지게 된다. 캘리가 선물해준 시계를 손에 꼭 쥐고 페덱스 전용 비행기에 올랐는데 착륙하기 직전 사고가 나고 기내는 아수라장이 된다. 그의 몸을 때리는 파도. 눈을 떠보니 완전 별세상이다. 아름다운 해변과 무성한 나무 높은 암벽. 아무도 살지않는 섬에 떨어진 것을 알게된 척은 그곳에서의 생존을 위해 이전의 모든 삶을 버리고 새로운 환경에 적응하며 외롭게 살아간다. 하지만 캘리에 대한 사랑만을 마음 속에 간직한 채 그녀를 만날 수 있다는 희망을 잃지않는다. 4년후. 고립된 섬에서 1500일이나 되는 시간을 사랑으로 이겨낸 척. 어느 날 떠내려온 알미늄판자 하나를 이용해 섬을 빠져나갈 방법을 고안해내고 자신이 갖고있는 모든 물건을 이용하여 뗏목을 만든다. 섬에 표류한지 4년만에 거친 파도를 헤치고 탈출을 감행하는데.,미국,"드라마,모험"
92125,헌터 킬러,https://movie.naver.com/movie/bi/mi/basic.nhn?code=92125,https://movie.naver.com/movie/bi/mi/photoViewPopup.nhn?movieCode=92125,./img/92125.jpg,2018,9.38,미 국방부는 격침당한 잠수함의 행방을 찾기 위해 헌터 킬러를 극비리에 투입시키고 캡틴 글래스제라드 버틀러는 배후에 숨겨진 음모가 있음을 알게 된다. 한편 지상에서는 VIP가 납치되어 전세계는 초긴장 상태에 놓이게 되는데 일촉즉발 위기상황 VIP를 구출하라 단 한 척의 공격 잠수함 헌터 킬러와 최정예 특수부대 네이비 씰의 숨막히는 육해공 합동 작전이 펼쳐진다,미국,"액션,스릴러"
34324,집으로...,https://movie.naver.com/movie/bi/mi/basic.nhn?code=34324,https://movie.naver.com/movie/bi/mi/photoViewPopup.nhn?movieCode=34324,./img/34324.jpg,2019,9.38,도시에 사는 7살 개구쟁이 상우가 외할머니가 혼자 살고 계신 시골집에 머물게 된다.말도 못하고 글도 못 읽는 외할머니와의 시골살이상우 인생 최초의 시련은 과연 최고의 추억이 될 수 있을까,한국,"드라마,가족"
31796,반지의 제왕 왕의 귀환,https://movie.naver.com/movie/bi/mi/basic.nhn?code=31796,https://movie.naver.com/movie/bi/mi/photoViewPopup.nhn?movieCode=31796,./img/31796.jpg,2021,9.38,모든 힘을 지배할 악의 군주 사우론의 절대반지가 깨어나고악의 세력이 세상을 지배해가며 중간계는 대혼란에 처한다. 호빗 프로도와 그의 친구들 엘프 레골라스 인간 전사 아라곤과 보로미르 드워프 김리 그리고 마법사 간달프로 구성된 반지원정대는 평화를 지키기 위해 절대반지를 파괴할 유일한 방법인 반지가 만들어진 모르도르를 향해 목숨을 건 여정을 떠난다.한편 점점 세력을 넓혀온 사우론과의 피할 수 없는 전쟁을 앞둔반지원정대는 드디어 거대한 최후의 전쟁을 시작하는데...,"뉴질랜드,미국","판타지,모험,액션,전쟁"
10048,죽은 시인의 사회,https://movie.naver.com/movie/bi/mi/basic.nhn?code=10048,https://movie.naver.com/movie/bi/mi/photoViewPopup.nhn?movieCode=10048,./img/10048.jpg,2021,9.38,미국 입시 명문고 웰튼 아카데미공부가 인생의 전부인 학생들이아이비리그로 가기 위해 고군분투하는 곳.새로 부임한 영어 교사 키팅은자신을 선생님이 아닌 오 캡틴 나의 캡틴이라 불러도 좋다고 말하며독특한 수업 방식으로 학생들에게 충격을 안겨 준다.점차 그를 따르게 된 학생들은공부보다 중요한 인생의 의미를 하나씩 알아가고새로운 도전을 시작한다.하지만 이를 위기로 여긴 다른 어른들은이들의 용기 있는 도전을 시간 낭비와 반항으로 단정 지으며그 책임을 키팅 선생님에게 전가하는데...,미국,드라마
136900,어벤져스 엔드게임,https://movie.naver.com/movie/bi/mi/basic.nhn?code=136900,https://movie.naver.com/movie/bi/mi/photoViewPopup.nhn?movieCode=136900,./img/136900.jpg,2019,9.38,인피니티 워 이후 절반만 살아남은 지구마지막 희망이 된 어벤져스먼저 떠난 그들을 위해 모든 것을 걸었다위대한 어벤져스운명을 바꿀 최후의 전쟁이 펼쳐진다,미국,"액션,SF"
163788,알라딘,https://movie.naver.com/movie/bi/mi/basic.nhn?code=163788,https://movie.naver.com/movie/bi/mi/photoViewPopup.nhn?movieCode=163788,./img/163788.jpg,2019,9.38,머나먼 사막 속 신비의 아그라바 왕국의 시대.좀도둑 알라딘은 마법사 자파의 의뢰로 마법 램프를 찾아 나섰다가주인에게 세 가지 소원을 들어주는 지니를 만나게 되고자스민 공주의 마음을 얻으려다 생각도 못했던 모험에 휘말리게 되는데,미국,"모험,가족,판타지,뮤지컬,멜로/로맨스"
17170,레옹,https://movie.naver.com/movie/bi/mi/basic.nhn?code=17170,https://movie.naver.com/movie/bi/mi/photoViewPopup.nhn?movieCode=17170,./img/17170.jpg,2020,9.38,한 손엔 우유 2팩이 든 가방 다른 한 손엔 화분을 들고 뿌리 없이 떠도는 킬러 레옹은어느 날 옆집 소녀 마틸다의 일가족이 몰살 당하는 것을 목격한다.그 사이 심부름을 갔다 돌아 온 마틸다는 가족들이 처참히 몰살 당하자 레옹에게 도움을 청한다.가족의 원수를 갚기 위해 킬러가 되기로 결심한 12세 소녀 마틸다는레옹에게 글을 알려주는 대신 복수하는 법을 배우게 된다.드디어 그녀는 가족을 죽인 사람이 부패 마약 경찰 스탠스임을 알게 되고그의 숙소로 향하게 되는데,"프랑스,미국","범죄,액션,드라마"
147092,히든 피겨스,https://movie.naver.com/movie/bi/mi/basic.nhn?code=147092,https://movie.naver.com/movie/bi/mi/photoViewPopup.nhn?movieCode=147092,./img/147092.jpg,2017,9.38,천부적인 수학 능력의 흑인 여성 캐서린 존슨NASA 흑인 여성들의 리더이자 프로그래머 도로시 본 흑인 여성 최초의 NASA 엔지니어를 꿈 꾸는 메리 잭슨미국과 러시아의 치열한 우주 개발 경쟁으로 보이지 않는 전쟁이 벌어지고 있던시절 천부적인 두뇌와 재능을 가진 그녀들이 NASA 최초의 우주궤도 비행 프로젝트에 선발된다.하지만 흑인이라는 이유로 800m 떨어진 유색인종 전용 화장실을 사용해야 하고 여자라는 이유로 중요한 회의에 참석할 수 없으며 공용 커피포트 조차 용납되지 않는 따가운 시선에 점점 지쳐 간다. 한편 우주궤도 비행 프로젝트는 난항을 겪게 되고 해결방법은 오직 하나 비전을 제시할 수 있는 새로운 수학 공식을 찾아내는 것뿐인데.천재성에는 인종이 없고 강인함에는 남녀가 없으며 용기에는 한계가 없다세계를 놀라게 한 그녀들의 이야기가 시작된다,미국,드라마
189027,아이즈 온 미  더 무비,https://movie.naver.com/movie/bi/mi/basic.nhn?code=189027,https://movie.naver.com/movie/bi/mi/photoViewPopup.nhn?movieCode=189027,./img/189027.jpg,2020,9.37,2018년 10월 데뷔와 동시에 국내외 음원 및 음반차트 석권 음악방송 1위 신인상 수상 등 연일 기록을 경신하며 대세 그룹으로 자리잡은 아이즈원IZONE 12명의 소녀들이 스크린에 등장 아이즈원IZONE과 위즈원이 함께한 잊을 수 없는 콘서트 현장부터 콘서트 VCR 현장 메이킹 유닛 신곡 녹음현장 신곡 안무연습 현장 리허설 장면 등 다양한 비하인드도 이번 영화를 통해 공개 된다.위즈원에게 특별한 추억과 선물이 될 영화 아이즈 온 미  더 무비가 온다,한국,공연실황
134899,동주,https://movie.naver.com/movie/bi/mi/basic.nhn?code=134899,https://movie.naver.com/movie/bi/mi/photoViewPopup.nhn?movieCode=134899,./img/134899.jpg,2016,9.38,이름도 언어도 꿈도 모든 것이 허락되지 않았던 일제강점기.한 집에서 태어나고 자란 동갑내기 사촌지간 동주와 몽규.시인을 꿈꾸는 청년 동주에게 신념을 위해 거침없이 행동하는 청년 몽규는 가장 가까운 벗이면서도 넘기 힘든 산처럼 느껴진다. 창씨개명을 강요하는 혼란스러운 나라를 떠나 일본 유학 길에 오른 두 사람. 일본으로 건너간 뒤 몽규는 더욱 독립 운동에 매진하게 되고 절망적인 순간에도 시를 쓰며 시대의 비극을 아파하던 동주와의 갈등은 점점 깊어진다. 어둠의 시대 평생을 함께 한 친구이자 영원한 라이벌이었던 윤동주와 송몽규의 끝나지 않은 이야기가 지금 시작된다.,한국,드라마
161850,아이 캔 스피크,https://movie.naver.com/movie/bi/mi/basic.nhn?code=161850,https://movie.naver.com/movie/bi/mi/photoViewPopup.nhn?movieCode=161850,./img/161850.jpg,2017,9.37,온 동네를 휘저으며 무려 8천 건에 달하는 민원을 넣어 도깨비 할매라고 불리는 옥분.20여 년간 누구도 막을 수 없었던 그녀 앞에 원칙주의 9급 공무원 민재가 나타나면서 팽팽한 긴장감이 흐른다.민원 접수만큼이나 열심히 공부하던 영어가 좀처럼 늘지 않아 의기소침한 옥분은원어민 수준의 영어를 구사하는 민재를 본 후 선생님이 되어 달라며 시간과 장소를 불문하고 부탁하기에 이른다.둘만의 특별한 거래를 통해 결코 어울리지 않을 것 같았던 두 사람의 영어 수업이 시작되고함께하는 시간이 계속 될수록 서로를 이해하고 소통하게 되면서 친구이자 가족이 되어 간다.옥분이 영어 공부에 매달리는 이유가 내내 궁금하던 민재는 어느 날그녀가 영어로 꼭 하고 싶은 말이 있다는 것을 알게 되는데,한국,드라마
14450,쉰들러 리스트,https://movie.naver.com/movie/bi/mi/basic.nhn?code=14450,https://movie.naver.com/movie/bi/mi/photoViewPopup.nhn?movieCode=14450,./img/14450.jpg,2019,9.38,1939년 독일에게 점령당한 폴란드의 한 도시.독일인 사업가이자 냉정한 기회주의자인 오스카 쉰들러는유태인이 경영하는 그릇 공장 인수를 위해 수단과 방법을 아끼지 않는다.인건비 없이 수백명의 유태인을 고용한 오스카 쉰들러는우연히 유태인 회계사인 스턴과 가까워지고나치에 의해 참혹하게 학살되는 유태인들의 참혹한 실상을 마주하게 된다.서서히 그의 양심이 흔들리기 시작하고마침내 강제 노동 수용소로부터 유태인들을 구하기로 결심한다.그렇게 그는 자신이 구해낼 유태인 명단이 적힌 쉰들러 리스트를 만드는데,미국,"드라마,전쟁"
12482,여인의 향기,https://movie.naver.com/movie/bi/mi/basic.nhn?code=12482,https://movie.naver.com/movie/bi/mi/photoViewPopup.nhn?movieCode=12482,./img/12482.jpg,1993,9.37,크리스마스에 고향에 가기 위해 부활절 연휴 동안 아르바이트를 해야 하는고등학생 찰리크리스 오도넬 분은 교내 아르바이트 게시판을 보고 찾아간 집에서퇴역한 장교 프랭크 슬레이드알 파치노 분 중령과 만나게 된다.사고로 시력을 잃은 슬레이드의 괴팍한 성격에 찰리는 당황하지만어쩔 수 없이 주말 동안 슬레이드 중령을 돌보기로 약속한다.하지만 그날 밤 찰리는 교내 말썽에 휘말리면서 교장으로부터 곤란한 요청을 받는다.한편 조용한 주말 아르바이트를 기대했던 찰리의 생각과는 달리슬레이드 중령은 오랫동안 준비해왔던 비밀스러운 뉴욕 여행을 감행한다.얼떨결에 슬레이드 중령과 함께 뉴욕에 온 찰리.슬레이드는 최고급 호텔 식당 리무진 사이를 오가며 어린 찰리에게 새롭고 특별한 인생 경험을 시켜준다.특히 향기로 여자의 모든 것을 알아내는 초인적인 능력을 보여주던 슬레이드 중령은식당에서 처음 만난 도나가브리엘 앤워 분에게 다가가 함께 탱고를 추자고 제안하는데...,미국,"드라마,코미디"
37886,클레멘타인,https://movie.naver.com/movie/bi/mi/basic.nhn?code=37886,https://movie.naver.com/movie/bi/mi/photoViewPopup.nhn?movieCode=37886,./img/37886.jpg,2004,9.37,미국 LA 세계태권도챔피언 결승전이 펼쳐지고있는 현장. 한국 최고의 파이터 승현준 리이동준과 미국의 자존심 잭밀러스티븐 시걸의 불꽃 튀는 대결이 한창이다. 지존의 자리를 놓고 펼쳐지는 화려한 태권도 기술... 하지만 누가 봐도 승현의 경쾌한 몸놀림에 이은 빠른 공격이 한 수 위. 그런데 이게 어찌된 일인가 승현의 멋진 공격들이 잭밀러의 급소에 정확하게 들어갔음에도 불구하고 점수는 오르지 않는다. 미국 측의 농간으로 처음부터 우승은 잭밀러의 몫이었던 것... 태권도 챔피언을 강탈당한 날 애인 민서김혜리와도 엇갈린 길을 걷게 된 승현. 그렇게 꼬인 시간은 계속 꼬이고 꼬여 7년이 흐른다. 그래도 꿋꿋한 승현은 나름대로 삶에 적응하며 살아간다. 성질 더럽고 앞뒤 안 가리는 양아치이긴 하지만 형사라는 직업도 있고 예쁜 딸 사랑은서우과의 단란한 생활도 있다. 황종철기주봉 패거리만 만나지 않았다면 그나마 잘 살았을지도 모른다. 하지만 이왕 꼬인 운명 어쩔 것인가. 황종철 패를 잘못 건드린 승현은 형사를 그만두게 되고 생계와 딸의 안전을 위해 황종철의 싸움개 노릇을 해야만 하는 상황에 놓이게 된다. 불법 이종격투기를 통해 돈을 버는 황종철에게 승현은 최고의 물건이었던 것... 대책 없는 아빠에게 딸 노릇 와이프 노릇 엄마 노릇을 하고 있는 당찬 꼬마 사랑은 마트에서 우연히 민서를 만난다. 둘은 서로 끌리는 마음에 친구를 먹기로 하고 가끔 만나 쇼핑을 즐긴다. 섹시하고 지적인 민서의 직업은 나름대로 능력 있는 검사. 하지만 타고난 성깔 탓에 법보다 주먹이 앞선다. 그녀는 사랑을 만나면서 옛 기억이 되살아나는 것에 이상함을 느끼지만 어리면서도 어른스러운 사랑을 좋아하게 된다. 그러다 사랑이 승현과의 사이에서 태어난 자신의 딸임을 알게 되고... 불법 이종격투기에 맛을 들인 황종철은 미국의 프로모터를 통해 승현과 잭밀러의 한 판을 제안 받는다. 이런 큰 건을 놓칠리 없는 황종철. 하지만 승현은 더 이상 의미 없는 싸움이 싫다. 설득이 안 통하자 황종철은 미국 측과 짜고 승현의 딸 사랑을 납치하기에 이른다. 어쩔 수 없이 딸을 구출하기 위해 미국으로 향하는 승현... 사랑이 납치된 소식은 민서에게도 전해진다. 엽기폭력여검사 열 받았으니 주모자는 쌍코피 감 당장 미국행 비행기에 오르는 민서... 미국에서 기다리는 것은 과거의 잘못된 승부를 청산하려는 잭밀러와 오로지 딸을 위해 싸움에 나선 승현의 목숨을 건 한 판. 하지만 딸 사랑이가 잡혀있는 상황에서 승현이 어떤 승부를 할지는 아무도 모른다.,"한국,미국","액션,드라마"
181700,안녕 베일리,https://movie.naver.com/movie/bi/mi/basic.nhn?code=181700,https://movie.naver.com/movie/bi/mi/photoViewPopup.nhn?movieCode=181700,./img/181700.jpg,2019,9.37,함께라서 행복해환생만 벌써 5번째 도무지 끝날 줄 모르는 베일리의 삶에 새로운 미션이 생겼다 바로 이든의 작은 베이비 씨제이를 돌보는 것.옆에 있어줘서 고마워소꿉놀이도 해야 하고 위험한 곳에 들어가면 짖어서 알려줘야 하고 씨제이와 함께 해야 할 일이 너무나도 많이 남았는데 씨제이는 베일리와 이든의 곁을 떠나 도시로 향한다. 7년 후 몰리로 다시 태어난 베일리는 우여곡절 끝에 씨제이의 집으로 입양되고 씨제이가 행복할 때 슬플 때 외로울 때 항상 옆에 있어준다.혼자 둬서 미안해주유소의 빅독으로 다시 태어난 베일리. 씨제이를 만나기만을 기다리지만 우연히 만나게 된 씨제이는 베일리를 알아보지 못하고 떠나버린다.내 인생은 온통 너야. 사랑해킁킁킁 어디서 씨제이 냄새 안나요 맥스로 환생한 베일리는 오직 일견단심 씨제이를 기다리던 중 유기견 입양소에서 드디어 씨제이를 다시 만나게 된다.인생은 길고 견생은 짧다는데 저 녀석을 끝까지 지켜줄 수 있을까,미국,가족
18543,서유기 2  선리기연,https://movie.naver.com/movie/bi/mi/basic.nhn?code=18543,https://movie.naver.com/movie/bi/mi/photoViewPopup.nhn?movieCode=18543,./img/18543.jpg,2010,9.37,서유기 월광보합의 완결편. 지존보는 500년전의 세계로 와서 자하란 여자를 만나는데 이 여자는 500년 후에 백정정과 춘삼십낭의 사부가 되는 반사대사이다. 자하는 바로 여래신등의 심지로 언니와 한몸이나 자신의 몽중인을 찾으러 속세로 나온다. 자신의 자청보검을 뽑을 수 있는 사람이 그녀의 꿈속의 낭군. 지존보는 자하가 월광보합을 갖고 있어서 어떻게든 월광보합으로 500년후의 세상으로 가서 백정정을 구하려고 한다. 한편 자신의 배필감은 자신의 자청보검을 뽑을 수 있다고 믿고 있던 자하는 지존보가 자청보검을 뽑는 것을 보고 자신의 낭군으로 점찍어 놓는다. 한편 지존보는 자하에게서 월광보합을 얻으려고 사랑한다고 거짓말을 한다. 그러나 지존보에게 사랑하는 여자가 있다는 걸 안 자하는 떠나고 다시 사부님을 만난 지존보는 사제들과 함께 우마왕에게 잡힌다. 우마왕은 지존보를 자신의 여동생인 향향과 혼인시키려 하고 자신이 생명을 구해줬던 자하를 자신의 첩으로 만드려고 한다. 몰래 도망을 친 지존보는 거미줄동굴로 가 백정정을 만난다. 그는 500년후의 세상으로 돌아갈 필요가 없게되자 당장 그녀와 혼인을 하려한다. 하지만 그의 마음은 이미 자하에게로 기울어져 있었으니. 이런 지존보의 마음을 안 백정정은 그의 곁을 떠나고 지존보는 관세음보살을 찾아가 손오공이 되겠다고 말하며 절대로 여자를 사랑하지 않겠다고 맹세한다. 그리고 저팔계와 사오정과 함께 당삼장을 구하러 우마왕의 성에 가서 결전을 벌이고 자하도 구해낸다. 지존보의 사랑을 확인하는 자하. 그녀는 일 대 혈전속에서 위기에 처한 손오공을 구하다가 우마왕의 칼에 맞아죽고 우마왕은 손오공의 손에 죽는다. 이때 성이 무너지려하자 손오공 일행은 월광보합으로 500년후의 세상으로 온다. 이때의 세상은 요괴가 사라지고 태평스러운 세상이다. 손오공 일행은 길을 떠나면서 지존보와 자하가 다시 만나서 서로 사랑을 확인하는 장면을 보게 된다,홍콩,"코미디,액션,모험,판타지,멜로/로맨스"
19079,굿 윌 헌팅,https://movie.naver.com/movie/bi/mi/basic.nhn?code=19079,https://movie.naver.com/movie/bi/mi/photoViewPopup.nhn?movieCode=19079,./img/19079.jpg,2016,9.36,수학 법학 역사학 등 모든 분야에 재능이 있는 윌맷 데이먼은천재적인 두뇌를 가지고 있지만 어린 시절 받은 상처로 인해세상에 마음을 열지 못하는 불우한 반항아. 절친인 처키벤 애플렉와 어울리던윌의 재능을 알아본 MIT 수학과 램보 교수는 대학 동기인 심리학 교수 숀로빈 윌리엄스에게 그를 부탁하게 되고거칠기만 하던 윌은 숀과 함께 시간을 보낼수록 상처를 위로 받으며 조금씩 변화하기 시작하는데,미국,드라마
17541,굿바이 마이 프랜드,https://movie.naver.com/movie/bi/mi/basic.nhn?code=17541,https://movie.naver.com/movie/bi/mi/photoViewPopup.nhn?movieCode=17541,./img/17541.jpg,1996,9.36,왕성한 호기심에 제법 의협심까지 갖춘 에릭Erik 브래드 렌프로 분은 이혼한 엄마와 살며 불치병에 걸린 옆집 소년 덱스터Dexter 조셉 마젤로 분의 친구다. 덱스터는 어린 아이 때 수혈에 의해 에이즈에 감염됐다. 그리고 그 병은 아직까지 치료약을 발견하지 못했고 운명은 그리 많이 남아있지는 않다. 아직 여리지만 늙은 할아버지처럼 죽음에 대한 커다란 공포를 갖고 있진 않다. 처음 불치병에 걸린 옆집 소년에 대한 호기심으로 담장을 넘은 에릭은 어느덧 덱스터의 친구가 되어버렸다. 덱스터의 엄마는 자신의 엄마처럼 이혼 후의 스트레스에 시달리지도 않고 저녁식사 초대를 해주기도 한다. 어느날 말썽쟁이 에릭은 비디오를 통해 뉴올리언즈의 한 의사가 발명했다는 덱스트 병의 치료약을 알게 된다. 이 약을 얻기 위해 뗏목을 타고 모험이 거듭되는 뉴올리언즈행 가출을 감행한 에릭과 덱스터. 하지만 병약한 덱스터는 점점 몸이 안좋아지고 결국 에릭과 덱스터는 엄마들의 품으로 돌아온다. 그러나 병원에 입원한 덱스터와 에릭은 여전히 장난을 멈추지 않는다. 그들이 새로 개발한 게임은 덱스터가 죽은 척 한 뒤 어른들을 놀래키는 것이다. 그러다 어느날 장난처럼 세상을 떠나버리는 덱스터. 혼자 남은 에릭은 진정 그를 보호해주고 돌보아주었던 것은 덱스터였음을 깨닫는다.,미국,드라마
31795,반지의 제왕 두 개의 탑,https://movie.naver.com/movie/bi/mi/basic.nhn?code=31795,https://movie.naver.com/movie/bi/mi/photoViewPopup.nhn?movieCode=31795,./img/31795.jpg,2021,9.35,모든 힘을 지배할 악의 군주 사우론의 절대반지가 깨어나고악의 세력이 세상을 지배해가며 중간계는 대혼란에 처한다. 호빗 프로도와 그의 친구들 엘프 레골라스 인간 전사 아라곤과 보로미르 드워프 김리 그리고 마법사 간달프로 구성된 반지원정대는 평화를 지키기 위해 절대반지를 파괴할 유일한 방법인 반지가 만들어진 모르도르를 향해 목숨을 건 여정을 떠난다.한편 점점 세력을 넓혀온 사우론과의 피할 수 없는 전쟁을 앞둔반지원정대는 드디어 거대한 최후의 전쟁을 시작하는데...,"뉴질랜드,미국","판타지,모험,액션"
130850,주토피아,https://movie.naver.com/movie/bi/mi/basic.nhn?code=130850,https://movie.naver.com/movie/bi/mi/photoViewPopup.nhn?movieCode=130850,./img/130850.jpg,2016,9.36,누구나 살고 싶은 도시 1위 주토피아연쇄 실종 사건 발생미치도록 잡고 싶었다 교양 있고 세련된 라이프 스타일을 주도하는 도시 주토피아.이 곳을 단숨에 혼란에 빠트린 연쇄 실종사건이 발생한다 주토피아 최초의 토끼 경찰관 주디 홉스는 48시간 안에 사건 해결을 지시 받자 뻔뻔한 사기꾼 여우 닉 와일드에게 협동 수사를 제안하는데  스릴 넘치는 추격전의 신세계가 열린다,미국,"애니메이션,액션,모험,코미디,가족"
154573,다시 태어나도 우리,https://movie.naver.com/movie/bi/mi/basic.nhn?code=154573,https://movie.naver.com/movie/bi/mi/photoViewPopup.nhn?movieCode=154573,./img/154573.jpg,2017,9.35,전생을 기억하는 조금 특별한 아홉 살 린포체 앙뚜오직 그를 위해 자신의 모든 것을 헌신한 스승 우르갼몇 번의 겨울을 함께 보내며 삶의 동반자가 된 두 사람은이제 새로운 봄을 향한 여정을 떠나기로 결심하는데그곳에서 만난 계절보다 아름다운 이야기가 시작된다린포체Rinpoche란 전생의 업을 이어가기 위해 몸을 바꿔 다시 태어난 티베트 불가의 고승. 살아있는 부처로 불린다.,한국,다큐멘터리
51172,지상의 별처럼,https://movie.naver.com/movie/bi/mi/basic.nhn?code=51172,https://movie.naver.com/movie/bi/mi/photoViewPopup.nhn?movieCode=51172,./img/51172.jpg,2012,9.36,인도의 작은 마을 여덟 살 귀여운 꼬마 이샨은 학교에서 가르치는 수업에는 도무지 관심이 없다.이샨의 눈에 비친 세상은 너무도 흥미롭고 신기한 것들뿐이다. 평범한 웅덩이 속 작은 물고기와 예쁜 색깔의 돌 나뭇가지들도 이샨의 손을 거치면 특별한 상상력으로 재창조된다.   글자들이 춤을 추기도 하고 숫자들이 서로 만나 3곱하기 9는 3이 되기도 한다. 하지만 언제나 혼자만의 세계에 빠져있는 이샨은 학교 친구들에게 따돌림 당하고 선생님에게도 매일 꾸중만 듣는다. 아이의 미래를 위해 이샨의 부모님은 급기야 이샨을 엄격하고 강압적인 기숙학교로 보낸다. 처음으로 가족과 떨어져 지내게 된 이샨은 외로움과 자괴감 속에서 점점 자신의 빛을 잃어가는데...그러던 어느 날 이샨의 어두워진 마음을 환하게 비춰 줄 인생 최고의 선생님을 만나게 된다문제아라고 모두가 외면한 이샨의 놀라운 재능을 미술 선생님 니쿰브는 알아볼 수 있을까,인도,드라마
142632,미스 슬로운,https://movie.naver.com/movie/bi/mi/basic.nhn?code=142632,https://movie.naver.com/movie/bi/mi/photoViewPopup.nhn?movieCode=142632,./img/142632.jpg,2017,9.36,승률 100를 자랑하는 최고의 로비스트 슬로운제시카 차스테인.총기 규제 법안으로 온 나라가 떠들썩한 가운데 자신의 신념에 따라 모두가 포기한 싸움에 뛰어들게 된다.승리를 위해서라면 수단과 방법을 가리지 않는 슬로운은 뛰어난 전략으로 한 번도 굴복한 적 없는 거대 권력에 맞서지만동시에 자신과 주변 사람 모두를 위험에 빠트리게 되는데,미국,"드라마,스릴러"
19099,트루먼 쇼,https://movie.naver.com/movie/bi/mi/basic.nhn?code=19099,https://movie.naver.com/movie/bi/mi/photoViewPopup.nhn?movieCode=19099,./img/19099.jpg,2018,9.36,작은 섬에서 평범한 삶을 사는 30세 보험회사원 트루먼 버뱅크아내와 홀어머니를 모시고 행복한 하루 하루를 보내던 어느 날 하늘에서 조명이 떨어진다의아해하던 트루먼은 길을 걷다 죽은 아버지를 만나고 라디오 주파수를 맞추다자신의 일거수일투족이 라디오에 생중계되는 기이한 일들을 연이어 겪게 된다.지난 30년간 일상이라고 믿었던 모든 것들이 어딘가 수상하다고 느낀 트루먼은모든 것이 쇼라는 말을 남기고 떠난 첫사랑 실비아를 찾아 피지 섬으로 떠나기로 결심한다.가족 친구 회사 하나부터 열까지 모든 것이 가짜인 트루먼 쇼과연 트루먼은 진짜 인생을 찾을 수 있을까,미국,"코미디,드라마,SF"
19303,모노노케 히메,https://movie.naver.com/movie/bi/mi/basic.nhn?code=19303,https://movie.naver.com/movie/bi/mi/photoViewPopup.nhn?movieCode=19303,./img/19303.jpg,2003,9.36,수백년전 야마토 조정과의 싸움에서 패한 후 북쪽 변방에 숨어서 생활하고 있는 에미시 일족. 평화로운 마을 부근의 숲에 어느날 갑자기 타타리가미재앙신가 나타난다. 인간에 대한 증오와 원망이 가득찬 타타리가미는 마을로 돌진하고 에미시의 차기 족장 아시타카Ashitaka 마수다 요지 목소리 분는 마을을 지키기 위해서 어쩔 수 없이 재앙신에게 활을 날린다. 결국 재앙신을 쓰러뜨린 아시타카는 그 대가로 오른팔에 죽음의 각인이 새겨지고 죽음의 저주를 받게 된다. 아시타카는 마을의 무녀 히이사마로부터 서쪽에서 불길한 일이 일어나고 있음을 알고 죽을 자신의 운명을 받아들이기로 하고는 서쪽으로 떠나기로 결심한다. 마을을 떠나는 아시타카에게 평소 아시타카를 흠모하고 있던 카야는 흑요석으로 만든 펜던트를 건내준다. 항상 아시타카를 생각하고 있겠다는 말과 함께. 서쪽으로 가던 도중 아시타카는 지코보라는 남자를 만나게 된다. 아시타카는 지코보에게 자신이 서쪽으로 가는 이유를 설명하게 되고 지코보는 서쪽 끝에 있는 시시가미사슴신의 숲에 관한 이야기를 해준다. 거대한 짐승들이 살고 있는 시시가미의 숲에 관한 이야기를 들은 아시타카는 시시가미의 숲을 향한다. 한편 계곡에서 쌀을 운반하던 타타라바철을 만드는 마을의 지도자 에보시Lady Eboshi 다나카 유코 목소리 분 일행 앞에 나타난 모노노케 히메 산San 이시다 유리코 목소리 분과 들개신 모로Moro 미와 이키히로 목소리 분의 공격으로 몇몇 사람들은 계곡 밑으로 떨어지고 에보시를 향해 돌진하던 모로도 에보시의 총에 맞아 계곡으로 떨어진다. 마침 계곡을 지나던 아시타카는 계곡으로 떨어져 물에 떠밀려온 코우로쿠 일행을 구하고 멀지 않은 곳에서 모로를 치료하고 있는 산을 보게 된다. 말을 걸어 보지만 차가운 반응과 함께 산은 사라져 버리고. 코다마들의 안내를 받아 숲을 빠져나온 아시타카와 코우로쿠 일행은 타타라바에 도착한다. 자신이 인간임을 부정하는 모노노케히메 산. 아시타카와의 운명적인 만남으로 인해 그녀의 마음은 흔들리기 시작하고. 타타라바에 머물게 된 아시타카는 자신에게 죽음의 저주를 내린 타타리가미재앙신가 에보시의 총에 맞은 멧돼지신이었다는 사실을 알게 되고. 숲에서 신들을 몰아내고 보다 살기 좋은 마을을 만들려는 에보시의 계획을 듣게 된다. 결국 인간들 때문에 자신의 운명이 바뀌어진 사실을 알게 된 아시타카는 착찹한 마음으로 마을을 떠나려 하는데 마침 에보시의 목숨을 노리고 산이 타타라바에 나타난다. 산과 에보시의 목숨을 건 싸움은 시작되고 이를 말리려는 아시타카는 둘을 기절시키지만 산을 데리고 나오던 중 총에 맞아 부상을 입는다. 가까스로 타타라바를 빠져나온 아시타카와 산은 약쿠루를 타고 시시가미사슴신의 숲으로 향하고 부상이 심해진 아시타카는 약쿠루에서 떨어진다. 자신의 일을 방해한 아시타카의 목에 칼을 들이대는 산. 산은 의식을 잃은 아시타카를 시시가미사슴신가 나타나는 장소에 옮겨 놓는다. 이윽고 죽어가는 아시타카의 앞에 시시가미가 나타나고 모든 생물의 생사를 관장하는 시시가미는 아시타카에게 새로운 생명을 부여해 준다. 얼마 후 의식이 돌아온 아시타카에게 먹을 것을 가져다 주는 산. 완전히 회복이 안돼 제대로 먹을 수 없는 아시타카에게 입으로 음식을 전해 준다. 아시타카의 눈에선 한줄기 눈물이 흐르고. 산에게 있어서 더 이상 적이 아닌 아시타카는 부상당한 몸이 완전히 회복될 때까지 산과 함께 지내게 된다. 인간들과 신들의 최후의 결전이 가까이 왔음을 알게 된 아시타카는 들개신 모로에게 인간과 신들이 공존할 수 있는 방법이 없냐고 묻지만 차가운 반응뿐이고. 뒤늦게 산이 떠나 버린 사실을 안 아시타카. 모로의 자식에게 펜던트를 산에게 전해달라고 부탁하고 숲을 뒤로 한다. 펜던트를 전해 받은 산에게 모로는 아시타카와 함께 떠날 것을 권하지만 산은 신들과 함께 인간들을 향해서 돌진한다. 숲에서 나온 아시타카는 타타라바가 사무라이들에게 공격당하고 있는 것을 보게 되고 에보시에게 지원을 요청해 달라는 토키의 부탁을 받고 발길을 되돌린다. 되돌아간 숲에는 피비린내와 신들의 시체가 즐비하고 신들의 시체 속에서 모로의 자식을 구해 주게 된다. 에보시가 산을 쫓고 있다는 것을 알게 된 아시타카는 모로의 자식과 함께 산을 구하러 달려간다. 죽어가는 옥코토누시를 살리기 위해서 시시가미가 있는 곳으로 향하는 산 일행. 에보시는 뒤를 미행하고 마침내 시시가미가 나타나는 장소에 도착한다. 분노와 증오로 마음을 안정시키지 못하고 타타리 가미재앙신로 변해 가는 옥코토누시. 이를 저지하던 산도 옥코토누시에게 흡수되어 타타리가미가 되어간다. 필사적으로 산을 구하려는 아시타카와 모로. 둘이 힘의 역부족으로 고전을 면치 못하고 있을 때 시시가미가 나타나 옥코토누시의 생명을 거두어 들임으로서 산이 타타리가미가 되는 것을 면하지만 이 과정에서 산의 어머니와도 같은 존재 모로도 숨을 거두고 만다. 달빛을 받아 시시가미의 밤의 모습 디다라봇치로 변해가는 시시가미에게 총을 겨누는 에보시. 아시타카가 칼을 던져 막으려하지만 이윽고 시시가미의 목은 땅에 떨어지고 지코보 일행은 준비한 통속에 시시가미의 목을 담아 도망간다. 목을 잃은 시시가미의 몸에서는 생명을 빨아들이는 무서운 힘이 퍼져 나오고 죽음의 힘에 닿은 모든 생명이 죽어가기 시작한다. 숲과 모든 생명이 죽어 가는 가운데 부상당한 에보시를 구하려는 아시타카를 산은 원망한다. 다같은 인간임을 강조하며 산에게 도움을 청하는 아시타카. 산과 아시타카는 에보시 일행을 숲에서 탈출시키고 시시가미의 목을 돌려주기 위해 다시 숲으로 향한다. 목을 찾기 위해 지코보 일당을 쫓는 시시가미는 닥치는 대로 모든 생명을 빼앗으며 타타라바와 마을 사람들을 위협하고 지코보로부터 겨우 시시가미의 목을 되찾은 아시타카와 산은 시시가미에게 목을 되돌려 준다. 목을 돌려 받은 시시가미는 쓰러지면서 생명의 힘으로 자신이 파괴한 숲을 부활시키고 시시가미의 희생으로 숲은 원래의 모습을 되찾는다. 죽음의 저주가 풀린 아시타카는 산에게 인간들과 함께 살 것을 권한다. 끝내 인간들을 용서할 수 없다는 산은 숲을 택하고 아시타카는 타타라바에서 살며 산을 만나러 갈 것을 약속한다. 주제곡 가사. 긴장한 활의 떨리는 활 시위여. 달빛에 철렁거리는 네 마음 날카로운 칼의 아름다움. 그 칼끝과 닮은 그대의 옆얼굴. 슬픔과 분노에 숨은 진심을 아는 것은 숲의 정령 도깨비모노노케뿐 도깨비뿐.,일본,"애니메이션,모험,액션"
73372,세 얼간이,https://movie.naver.com/movie/bi/mi/basic.nhn?code=73372,https://movie.naver.com/movie/bi/mi/photoViewPopup.nhn?movieCode=73372,./img/73372.jpg,2016,9.35,천재들만 간다는 일류 명문대 ICE 성적과 취업만을 강요하는 학교를 발칵 뒤집어 놓은 대단한 녀석 란초아버지가 정해준 꿈 공학자가 되기 위해 정작 본인이 좋아하는 일은 포기하고 공부만하는 파파보이 파르한찢어지게 가난한 집 병든 아버지와 식구들을 책임지기 위해 무조건 대기업에 취직해야만 하는 라주친구의 이름으로 뭉친 세 얼간이삐딱한 천재들의 진정한 꿈을 찾기 위한 세상 뒤집기 한판이 시작된다,인도,코미디
10038,에이리언 2,https://movie.naver.com/movie/bi/mi/basic.nhn?code=10038,https://movie.naver.com/movie/bi/mi/photoViewPopup.nhn?movieCode=10038,./img/10038.jpg,1986,9.35,에이리언과의 싸움에서 간신히 살아남은 리플리는 잠든 채로 57년을 떠돌다 구조선에 의해 구출된다. 회사는 리플리를 비롯한 당시 승무원들이 로스트로모호를 잃어버린 것을 추궁하지만 에이리언 얘기는 믿지 않는다. 이때 지구와 한 혹성 거주민들의 통신이 두절되는 사건이 벌어지자 리플리는 고문 자격으로 해병대와 동행하게 된다. 엄청난 무장을 갖춘 해병대 대원들은 자신의 힘을 과신하고 있었으며 리플리의 경고는 통하지 않는다.혹성에 도착한 해병대원들은 수색을 시작하고 곧 혹성 거주민들이 에이리언 유충의 산 먹이로 된 것을 목격하고 곧이어 벌어진 에이리언과의 교전에서 여러 대원들을 잃는다. 그들은 혹성 거주민들의 실험실로 대피하고 리플리는 이곳에서 거주민들의 마지막 생존자인 뉴트를 발견하게 된다. 한 대원이 에이리언에 감염되는 바람에 셔틀은 폭발하고 혹성은 폭발되기까지 카운트 다운에 들어간다. 회사 직원으로 동행한 카터 버크는 에이리언의 샘플을 빼돌리고자 음모를 꾸미는데...,미국,"SF,공포,스릴러,액션"
39636,"지금, 만나러 갑니다",https://movie.naver.com/movie/bi/mi/basic.nhn?code=39636,https://movie.naver.com/movie/bi/mi/photoViewPopup.nhn?movieCode=39636,./img/39636.jpg,2018,9.35,남편 타쿠미와 아들 유우지에게비의 계절에 다시 돌아오겠다는 약속을 남기고 세상을 떠난 미오.어느 날 두 사람 앞에 거짓말처럼 이전의 모든 기억을 잃은 미오가 나타난다.미오와 함께 새로운 사랑을 시작하는 타쿠미그리고 엄마의 품에서 행복을 느끼는 유우지.하지만 미오는 비의 계절이 끝나면 떠나야 하는 자신의 운명을 알게 되는데가족의 특별한 비밀 그리고 사랑이 만든 기적 같은 순간. 사랑하기 때문에 지금 만나러 갑니다,일본,"멜로/로맨스,드라마,판타지"
76667,울지마 톤즈,https://movie.naver.com/movie/bi/mi/basic.nhn?code=76667,https://movie.naver.com/movie/bi/mi/photoViewPopup.nhn?movieCode=76667,./img/76667.jpg,2010,9.35,2010년 2월 아프리카 수단 남쪽의 작은 마을 톤즈. 남 수단의 자랑인 톤즈 브라스 밴드가 마을을 행진했다. 선두에선 소년들은 한 남자의 사진을 들고 있고 있었다. 환하게 웃고 있는 사진 속 한 남자 마을 사람들은 톤즈의 아버지였던 그의 죽음이 믿기지 않는다며 눈물을 흘렸다. 그들은 세계에서 가장 키가 큰 딩카족이다. 남과 북으로 나뉜 수단의 오랜 내전 속에서 그들의 삶은 분노와 증오 그리고 가난과 질병으로 얼룩졌다. 목숨을 걸고 가족과 소를 지키기 위해 싸우는 딩카족. 강인함과 용맹함의 상징인 종족 딩카족에게 눈물은 가장 큰 수치다. 무슨 일이 있어도 눈물을 보이지 않던 그들이 울고 말았다. 모든 것이 메마른 땅 톤즈에서 눈물의 배웅을 받으며 이 세상 마지막 길을 떠난 사람 마흔 여덟의 나이로 짧은 생을 마감한  이태석 신부다. 톤즈의 아버지이자 의사였고 선생님 지휘자 건축가였던 쫄리 신부님 이태석 자신의 모든 것을 바쳐 온몸 다해 그들을 사랑했던 헌신적인 그의 삶이 스크린에서 펼쳐진다.,한국,다큐멘터리
12270,나 홀로 집에 2  뉴욕을 헤매다,https://movie.naver.com/movie/bi/mi/basic.nhn?code=12270,https://movie.naver.com/movie/bi/mi/photoViewPopup.nhn?movieCode=12270,./img/12270.jpg,1992,9.35,캐빈은 가족과 함께 플로리다로 크리스마스 휴가를 떠나기로 한다. 그러나 공항의 소란속에서 그만 뉴욕행 비행기에 오르게 되어 거대한 도시에 혼자 남게된다. 홀로 뉴욕에서 해방감을 느끼는 캐빈은 아버지의 카드로 플로리다 호텔에 투숙하는 한편 덩컨 장난감가게에서 만난 덩컨씨가 크리스마스때 번 돈을 어린이병원에 기부하려는 계획을 알게된다. 그러나 이때 캐빈은 감옥에서 탈출한 마브와 해리를 덩컨가게 앞에서 만나 쫓기다가 해리와 마브에게 잡히고 만다. 여기에서 해리와 마브가 이 기부금을 노린다는 사실을 알게된 케빈은 간신히 도망쳐 삼촌의 집을 이용해 이 두 도둑을 저지시킬 준비에 들어간다. 결국 캐빈에게 혼이난 두 멍청한 도둑들은 공원에서 캐빈의 신고로 출동한 경찰에 잡히고 캐빈은 카드를 추적해 찾아온 엄마와 극적인 상봉을 한다.,미국,"모험,액션,범죄,스릴러,코미디,가족"
17135,더 록,https://movie.naver.com/movie/bi/mi/basic.nhn?code=17135,https://movie.naver.com/movie/bi/mi/photoViewPopup.nhn?movieCode=17135,./img/17135.jpg,1996,9.34,미해병 여단장 프란시스 허멜 장군General Francis X. Hurmel 에드 해리스 분은 미정부를 상대로 극비의 군사 작전을 수행하던 중 전사한 장병들의 유가족에게 전쟁 퇴역 군인들과 동일한 보상을 보장해줄 것을 호소해 왔다. 그러나 그의 호소는 무시되거나 묵살되고 말았다. 이에 분노한 허멜 장군은 정의의 회복이란 명분으로 비밀리에 해병대 공수 특전단을 규합하여 과거 30년간 형무소로 악명높았던 알카트라즈섬을 장악하고 이 섬을 찾은 민간인 관광객 81명을 인질로 억류한다. 만일 정부차원의 보상이 즉각 시행되지 않을 경우 VX가스라는 치명적인 살상용 화학가스가 장착된 15기의 미사일이 샌프란시스코에 발사하겠다고 경고한다. 이들의 반란 야욕을 진압하고 샌프란시스코를 살릴 수 있는 유일한 희망으로 FBI는 생화학무기 전문가인 스탠리 굿스피드Stanley Goodspeed 니콜라스 케이지 분를 발탁한다. 그리고 더 록이란 별칭의 알카트라즈를 탈옥한 유일한 생존자이자 현재 33년째 극비리에 복역 중인 죄수 존 메이슨John Patrick Mason 숀 코넬리 분이 역침투의 척후병으로 발탁되어 세상의 빛을 보게 된다. 존 메이슨은 알카트라즈에 투옥되던 1962년 당시 영국 육군 정보부대인 SAS의 정보장교였다. 당시의 막강한 실권을 배경으로 FBI 후버 국장은 미국의 대통령을 포함하여 실세 정치인의 추잡한 스캔들은 물론 유럽 특히 영국의 정치인들의 스캔들과 비밀까지 확보하여 정치적 월권을 휘두르고 있었다. 존 메이슨이 받은 특명은 바로 영국 정치인들의 비밀 자료를 훔쳐내는 공작이었다. 존 메이슨은 마이크로 필름 입수 도중 캐나다에서 체포되고 알카트라즈에 투옥되지만 다음해인 1963년 탈출 도중 국경선에서 체포되었다. 어쨌든 존 메이슨의 도움으로 미해군 네이비 씰은 지하를 통한 알카트라즈 내부 침투 작전에 성공한다. 스탠리 굿스피드는 미사일에 장착된 미사일 작동 칩을 하나하나 제거해 나가기 시작한다. 그러나 불행하게도 침투 사실은 발각되고 마침내 공수 특전단과 네이비 씰의 정면격돌이 벌어진다.,미국,액션
152655,달링,https://movie.naver.com/movie/bi/mi/basic.nhn?code=152655,https://movie.naver.com/movie/bi/mi/photoViewPopup.nhn?movieCode=152655,./img/152655.jpg,2018,9.34,세상 부러울 것 없는 아름다운 커플 로빈과 다이애나. 하지만 바이러스 감염으로 로빈의 전신이 마비되면서 두 사람의 빛나는 순간은 끝나는 듯 보인다. 모든 것을 포기하려는 로빈하지만 다이애나는 헌신적인 사랑으로 그에게 용기를 주는데,영국,"드라마,멜로/로맨스"
16210,미세스 다웃파이어,https://movie.naver.com/movie/bi/mi/basic.nhn?code=16210,https://movie.naver.com/movie/bi/mi/photoViewPopup.nhn?movieCode=16210,./img/16210.jpg,1994,9.38,만화영화 더빙 성우이며 거리낌 없고 자유분방한 삶을 사는 다니엘Daniel Hillard 로빈 윌리암스 분은 주변 사람들을 늘 즐겁게 해준다. 특히 그의 아이들에게 아빠는 영웅이다. 그 또한 세 아이들을 위해서 무엇이든지 한다. 그러나 그는 실직을 거듭한다. 경제적인 것에는 빵점인 것이다. 한편 매사가 정확한 아내 미란다Miranda Hillard 샐리 필드 분는 그의 장점이라 여겼던 것들이 현실 생활에선 단점이 될 뿐임을 깨닫는다. 미란다는 가족을 부양해야 하는 책임을 맡게 되며 진지한 대화는 매번 다니엘에 의해 회피되어진다. 결국 14년 결혼생활의 인내는 무너지고 만다. 세 아이의 양육권은 미란다에게 주어지고 다니엘에겐 주1회 방문만이 허락된다. 토요일만 기다리며 사는 다니엘이 어느날 미란다의 가정부 구인 광고를 보게 된다. 갑자기 묘책을 떠올린 다니엘은 분장 전문가인 남동생에게 소리 지른다. 나를 여자로 만들어 줘 미란다와 아이들 앞에 나타난 은발의 가정부 할머니 미세스 다웃파이어Mrs. Doubtfire는 폭소 터지는 실수와 해프닝을 연발한다. 미세스 다웃파이어는 다니엘로서 듣지못한 미란다의 진심을 알게 되고 다니엘로서 보지 못한 자신의 모습을 보게 되며 다니엘로서 해주지 못한 가족의 울타리 역할을 해보게 된다.,미국,"코미디,가족,드라마"
62586,다크 나이트,https://movie.naver.com/movie/bi/mi/basic.nhn?code=62586,https://movie.naver.com/movie/bi/mi/photoViewPopup.nhn?movieCode=62586,./img/62586.jpg,2020,9.34,정의로운 지방 검사 하비 덴트 짐 고든 반장과 함께 범죄 소탕 작전을 펼치며범죄와 부패로 들끓는 고담시를 지켜나가는 배트맨그러던 어느 날 살아남기 위해 발버둥치던 범죄 조직은 배트맨을 제거하기 위해광기어린 악당 조커를 끌어들이고정체를 알 수 없는 조커의 등장에 고담시 전체가 깊은 혼돈 속으로 빠져든다.급기야 배트맨을 향한 강한 집착을 드러낸 조커는그가 시민들 앞에 정체를 밝힐 때까지 매일 새로운 사람들을 죽이겠다 선포하고배트맨은 사상 최악의 악당 조커를 막기 위해 자신의 모든 것을 내던진 마지막 대결을 준비한다.,미국,"액션,범죄,드라마,미스터리"
10114,아마데우스,https://movie.naver.com/movie/bi/mi/basic.nhn?code=10114,https://movie.naver.com/movie/bi/mi/photoViewPopup.nhn?movieCode=10114,./img/10114.jpg,2015,9.34,천재를 시기한 평범한 궁정음악가의 질투에서 시작된 광기에 찬 파멸의 서곡비엔나 왕실의 궁정음악가 살리에리F.머레이 아브라함는 새롭게 떠오르는 천재 작곡가 모짜르트톰 헐스의 소문을 듣고 그의 천재성을 확인하려 한다. 하지만 방탕하고 오만한 모짜르트의 행동과 모습들에 상처와 충격을 받은 살리에리는 모짜르트의 천재성을 시기하게 되고 자신에게 재능을 주지 않은 신에게 분노하며 자유분방한 모짜르트를 파멸시킬 음모를 준비하는데,미국,드라마
30688,해리 포터와 마법사의 돌,https://movie.naver.com/movie/bi/mi/basic.nhn?code=30688,https://movie.naver.com/movie/bi/mi/photoViewPopup.nhn?movieCode=30688,./img/30688.jpg,2018,9.34,해리 포터다니엘 래드클리프 분는 위압적인 버논 숙부리챠드 그리피스 분와 냉담한 이모 페투니아 피오나 쇼 분 욕심 많고 버릇없는 사촌 더즐리해리 멜링 분 밑에서 갖은 구박을 견디며 계단 밑 벽장에서 생활한다. 이모네 식구들 역시 해리와의 동거가 불편하기는 마찬가지. 이모 페투니아에겐 해리가 이상한 언니 부부에 관한 기억을 떠올리게 만드는 달갑지 않은 존재다. 11살 생일이 며칠 앞으로 다가왔지만 한번도 생일파티를 치르거나 제대로 된 생일선물을 받아 본 적이 없는 해리로서는 특별히 신날 것도 기대 할 것도 없다. 11살 생일을 며칠 앞둔 어느 날 해리에게 초록색 잉크로 쓰여진 한 통의 편지가 배달된다. 그 편지의 내용은 다름 아닌 해리의 11살 생일을 맞이하여 전설적인호그와트 마법학교에서 보낸 입학초대장이었다. 그리고 해리의 생일을 축하하러 온 거인 해그리드는 해리가 모르고 있었던 해리의 진정한 정체를 알려주는데. 그것은 바로 해리가 굉장한 능력을 지닌 마법사라는 것 해리는 해그리드의 지시대로 자신을 구박하던 이모네 집을 주저없이 떠나 호그와트행을 택한다. 런던의 킹스크로스 역에 있는 비밀의 9와 3/4 승장장에서 호그와트 특급열차를 탄 해리는 열차 안에서 같은 호그와트 마법학교 입학생인 헤르미온느 그레인저엠마 왓슨 분와 론 위즐리 루퍼트 그린트 분를 만나 친구가 된다. 이들과 함께 호그와트에 입학한 해리는 놀라운 모험의 세계를 경험하며 갖가지 신기한 마법들을 배워 나간다. 또한 빗자루를 타고 공중을 날아다니며 경기하는 스릴 만점의 퀴디치 게임에서 스타로 탄생하게 되며 용 머리가 셋 달린 개 유니콘 켄타우루스 히포그리프말 몸에 독수리 머리와 날개를 가진 괴물등 신비한 동물들과 마주치며 모험을 즐긴다. 그러던 어느 날 해리는 호그와트 지하실에 영원한 생을 가져다주는 마법사의 돌이 비밀리에 보관되어 있다는 것을 알게되고 해리의 부모님을 죽인 볼드모트가 그 돌을 노린다는 사실도 알게 된다. 볼드모트는 바로 해리를 죽이려다 실패하고 이마에 번개모양의 흉터를 남긴 장본인이다. 해리는 볼드모트로부터 마법의 돌과 호그와트 마법학교를 지키기 위해 필사의 노력을 하는데...,"영국,미국","판타지,가족,모험,액션"
182525,언플랜드,https://movie.naver.com/movie/bi/mi/basic.nhn?code=182525,https://movie.naver.com/movie/bi/mi/photoViewPopup.nhn?movieCode=182525,./img/182525.jpg,2020,9.33,미국 최대의 낙태 클리닉 가족계획연맹에서 8년간 상담사로 일하며최연소 소장에 오른 애비낙태 경험자로서 자신과 같은 기로에 선 여성들을 돕는다는 사명감을 갖고 성실히 일한다.하지만 처음으로 수술실에 들어가게 된 날지금까지의 신념을 송두리째 뒤바꿀 장면을 목격하게 되는데,미국,드라마
13008,알라딘,https://movie.naver.com/movie/bi/mi/basic.nhn?code=13008,https://movie.naver.com/movie/bi/mi/photoViewPopup.nhn?movieCode=13008,./img/13008.jpg,1993,9.35,키우는 원숭이 아부와 함께 살아가는 아그라바의 좀도둑 알라딘은 어느 날 궁궐을 탈출한 술탄의 딸 자스민에게 한눈에 반한다. 술탄의 자리를 노리고 있는 사악한 마법사 자파는 알라딘을 눈여겨보고 그에게 마법의 램프를 가져다주면 부자로 만들어주겠다고 말한다. 동굴에 들어가서 램프를 찾던 알라딘은 도중에 동굴이 무너지는 바람에 갇히게 된다.위기에 빠진 알라딘은 램프의 요정 지니와 마법 양탄자의 도움으로 동굴에서 탈출한다. 지니의 주인이 된 알라딘은 지니를 램프에서 구해주겠다고 약속하고 지니의 힘을 빌어 왕자로 변신해 자스민에게 청혼하기 위해 아그라바로 돌아온다. 알라딘 때문에 자신의 계획이 실패로 돌아갈 위기에 처하자 자파는 알라딘을 붙잡아 바다에 던지는데...,미국,"애니메이션,뮤지컬,코미디,가족,모험,드라마,멜로/로맨스"
87566,언터처블 1의 우정,https://movie.naver.com/movie/bi/mi/basic.nhn?code=87566,https://movie.naver.com/movie/bi/mi/photoViewPopup.nhn?movieCode=87566,./img/87566.jpg,2012,9.34,2주간의 내기로 시작된 상상초월 특별한 동거 스토리하루 24시간 내내 돌봐주는 손길이 없으면 아무것도 할 수 없는 전신불구의 상위 1 백만장자 필립프랑수아 클루제.어느 날 우연히 가진 것이라곤 건강한 신체가 전부인 하위 1 무일푼 백수 드리스오마 사이를 만나게 된 그는거침없이 자유로운 성격의 드리스에게 호기심을 느껴 특별한 내기를 제안한다.바로 2주 동안 필립의 손발이 되어 한시도 떨어지지 않고 자신을 간호하며 버틸 수 있는지 시험해보겠다는 것.참을성이라곤 눈꼽 만큼도 찾아 볼 수 없던 드리스는 오기가 발동해 엉겁결에 내기를 수락한다.이렇게 전혀 어울릴 것 같지 않던 극과 극두 남자의 예측불허 기막힌 동거가 시작 되는데,프랑스,"코미디,드라마"
73476,그대를 사랑합니다,https://movie.naver.com/movie/bi/mi/basic.nhn?code=73476,https://movie.naver.com/movie/bi/mi/photoViewPopup.nhn?movieCode=73476,./img/73476.jpg,2011,9.33,This couple is 따뜻하게 눈 내리는 새벽 골목길에서 우연히 만난 만석과 이뿐 사랑하는 그대를 생각하기만 해도 얼굴에 함박웃음이 가득 번지는 설레는 사랑으로 이어지기 시작한다.and the other couple is 등에 업혀 오늘은 뭐했어라고 묻는 아내 순이가 그저 사랑스럽기만 한 남편 군봉 평생 한 사람만을 사랑해온 군봉과 순이 서로가 없는 삶은 생각도 할 수 없는 이 두 사람에게 최고의 어려움이 다가오는데...2011년 사랑 가득한 2월. 이 시대 최고의 로맨티스트들이 전하는 행복 바이러스가 퍼진다,한국,드라마
10001,시네마 천국,https://movie.naver.com/movie/bi/mi/basic.nhn?code=10001,https://movie.naver.com/movie/bi/mi/photoViewPopup.nhn?movieCode=10001,./img/10001.jpg,2020,9.33,어린 시절 영화가 세상의 전부였던 소년 토토는 학교 수업을 마치면 마을 광장에 있는 낡은 시네마 천국이라는 극장으로 달려가 영사 기사 알프레도와 친구로 지내며 어깨너머로 영사기술을 배운다. 어느 날 관객들을 위해 광장에서 야외 상영을 해주던 알프레도가 그만 화재 사고로 실명하게 되고 토토가 그의 뒤를 이어 시네마 천국의 영상기사로 일하게 된다. 실명한 후에도 토토의 친구이자 아버지로 든든한 정신적 지주가 되어준 알프레도는 청년이 된 토토가 사랑하는 여자 엘레나의 부모님의 반대로 좌절하자 넓은 세상으로 나가서 더 많은 것을 배우라며 권유하는데...,"프랑스,이탈리아","드라마,멜로/로맨스"
25915,아이언 자이언트,https://movie.naver.com/movie/bi/mi/basic.nhn?code=25915,https://movie.naver.com/movie/bi/mi/photoViewPopup.nhn?movieCode=25915,./img/25915.jpg,2019,9.33,작은 시골마을의 외톨이 소년 호가드는 숲속에 불시착한 거대 로봇 자이언트를 만나 친구가 된다.겉모습과는 달리 아이처럼 순수한 자이언트 와 그를 영혼이 깃든 생명체로 느끼며 보호하려는 호가드.20년만에 돌아온 이 가슴 뛰는 이야기는 여기서 다시 시작된다.과연 호가드와 자이언트는 무사히 둘의 우정을 지킬 수 있을까,미국,"애니메이션,SF,액션,가족"
34227,아이 엠 샘,https://movie.naver.com/movie/bi/mi/basic.nhn?code=34227,https://movie.naver.com/movie/bi/mi/photoViewPopup.nhn?movieCode=34227,./img/34227.jpg,2002,9.33,지적 장애로 7살의 지능밖에 갖지 못한 샘숀 팬은 버스정류장 옆 커피 전문점에서 일한다.그날 황망하게 가게를 나온 샘은 병원으로 향하고 레베카와의 사이에서 태어난 자신의 딸과 첫 대면을 하게 된다.그러나 병원을 나서자 레베카는 샘과 딸을 두고 사라져버린다.혼자 남겨진 샘은 좋아하는 가수 비틀즈의 노래에서 따온 루시 다이아몬드를 딸의 이름으로 짓고 둘만의 생활을 시작한다.그러나 외출공포증으로 집안에서 피아노만 연주하는 이웃집 애니다이앤 위스트와샘과 같은 장애를 갖고 있으면서도 언제나 밝은 친구 이프티와 로버트 같은주변의 따뜻하고 친절한 도움이 없었다면 루시다코타 패닝가 그렇게 건강하고 밝게 자라기 힘들었을 것.수요일에는 레스토랑에 목요일에는 비디오 나이트에 금요일에는 노래방에 함께 다니는 것이 이들 부녀의 작은 행복.남들이 보기에는 정상적이지 못하지만 그들은 가장 즐거운 시간을 함께 하며 행복한 가정을 이루고 있다.그런데 루시가 7살이 되면서 아빠의 지능을 추월해버리는 것을 두려워한 나머지 학교 수업을 일부러 게을리하게 되고이로 인해 사회복지기관에서 샘의 가정을 방문한다.그리고 샘은 아빠로서 양육 능력이 없다는 선고를 받게 된다.결국 루시는 시설로 옮겨지고 샘은 주 2회의 면회만을 허락받게 된다.세상에서 가장 사랑하는 딸과의 행복한 날들을 빼앗기고 실의에 빠진 샘.그는 법정에서 싸워 루시를 되찾을 결심을 굳히고승승장구하는 엘리트 변호사 리타 해리슨미셸 파이퍼의 사무실을 찾아간다.정력적이고 자아 도취적인 변호사 리타는 동료들에게 자신의 능력을 과시하기 위해무료로 샘의 변호를 맡겠다고 공언하고 샘과의 도저히 어울리지 않을 것 같은 연대를 맺게 된다.그러나 아무리 생각해도 샘에게는 불리한 재판으로 그가 양육권을 인정받을 가능성은 낮았다.샘이 훌륭한 아빠라는 것을 인정해줄 친구들은 재판에서는 증언조차 불가능하다.음악 대학을 수석졸업 유일하게 법정에 설 수 있는 애니 역시 어렵게 외출 공포증을 극복하고 증언대에 서지만상대 변호사의 추궁을 받으면서 답변을 하지 못하게 된다.과연 샘은 루시의 훌륭한 아빠라는 것을 증명할 수 있을까...,미국,드라마
195975,브레이크 더 사일런스 더 무비,https://movie.naver.com/movie/bi/mi/basic.nhn?code=195975,https://movie.naver.com/movie/bi/mi/photoViewPopup.nhn?movieCode=195975,./img/195975.jpg,2020,9.33,대한민국 최초이자 방탄소년단의 전 세계 스타디움 투어 LOVE YOURSELF SPEAK YOURSELF가 끝났다.한국 가수 최초 웸블리 스타디움 단독 공연 빌보드 월간 박스스코어 1위로스앤젤레스 시카고 뉴욕 상파울루 런던 파리 오사카 시즈오카 리야드 그리고 서울까지.뜨거웠던 스타디움 투어의 대장정을 달려온 방탄소년단 멤버들.무대 위가 아닌 무대 뒤에서 방탄소년단으로 인해 태어난 또 다른 나로7명의 멤버들은 한 번도 말하지 못한 내면의 진솔한 이야기를 들려주기 시작한다.지금까지 알지 못했던또 다른 나를 만나다 PERSONA,한국,다큐멘터리
31013,빌리 엘리어트,https://movie.naver.com/movie/bi/mi/basic.nhn?code=31013,https://movie.naver.com/movie/bi/mi/photoViewPopup.nhn?movieCode=31013,./img/31013.jpg,2017,9.34,영국 북부 탄광촌에 사는 11살 소년 빌리. 매일 복싱을 배우러 가는 체육관에서 우연히 발레 수업을 보게 된 그는 토슈즈를 신은 여학생들 뒤에서 동작을 따라한다. 그에게 재능을 발견한 발레 선생님 윌킨슨 부인은 빌리에게 특별 수업을 해주고 로얄발레학교의 오디션을 보라고 권유한다. 발레는 여자들이나 하는 거라며 반대하는 아버지 몰래 신나게 춤을 추던 어느 날 빌리는 불쑥 체육관에 찾아온 아버지와 맞닥뜨리게 되는데...,"영국,프랑스","드라마,가족,코미디"
75470,라푼젤,https://movie.naver.com/movie/bi/mi/basic.nhn?code=75470,https://movie.naver.com/movie/bi/mi/photoViewPopup.nhn?movieCode=75470,./img/75470.jpg,2011,9.34,올드보이도 못 견뎠을 장장18년을 탑 안에서만 지낸 끈기만점의 소녀 라푼젤. 어느 날 자신의 탑에 침입한 왕국 최고의 대도를 한방에 때려잡는다. 그리고 그를 협박해 꿈에도 그리던 집밖으로의 모험을 단행한다. 과잉보호 모친의 영향으로 세상을 험난한 곳으로만 상상하던 라푼젤. 그런 그녀 앞에 군기 빡 쎈 왕실 경비마 맥시머스의 추격 라이더에게 복수의 칼날을 가는 스태빙턴 형제의 위협 라푼젤의 가짜 엄마 고델의 무서운 음모 등이 얽히고 설켜 점점 흥미진진한 사건들이 터지기 시작한다. 그러나 세상물정 깜깜한 우리의 라푼젤은 자신 앞에 펼쳐진 스릴 넘치는 세상을 맘껏 즐기는데...,미국,"애니메이션,코미디,가족,판타지,뮤지컬,멜로/로맨스"
17441,아기공룡 둘리  얼음별 대모험,https://movie.naver.com/movie/bi/mi/basic.nhn?code=17441,https://movie.naver.com/movie/bi/mi/photoViewPopup.nhn?movieCode=17441,./img/17441.jpg,1996,9.33,어느 날 남극의 거대한 빙산 한 조각이 한강으로 흘러 들어온다. 이 빙산 조각 속에는 억만년 전에 멸종된 아기 공룡이 갇혀 있었으니 이름하여 둘리. 가사 상태에서 깨어난 둘리는 그 모습을 드러내고 그날부터 소시민 고길동씨 집에서 머물게 된다. 호기심 많고 말썽꾸러기인 둘리로 인해 고길동씨 집은 하루도 맘 편할 날이 없다. 거기에 설상가상으로 자칭 공포의 젖꼭지 희동이 외계인 도우너 아프리카의 귀부인 타조 또치 가수지망생 마이콜까지 등장. 이들의 말썽은 날이 갈수록 기상천외 대담무쌍해지고 고길동씨의 분노는 하늘을 찌른다. 계속해서 고길동에게 당하는 둘리 일행은 도우너의 타임 코스모스를 타고 빨리 어른이 되기 위해 미래로 여행하기로 결심한다. 하지만 타임 코스모스의 작동 실수로 우주의 미로속에 던져지고 만다. 우주에서 방황하던 둘리 일행은 우주핵층을 만나면서 위기를 맞게 된다. 한편 로프에 매달려온 길동이는 떨어져 우주 한복판에서 방황하다 우주 핵층에게 계속 쫓긴다. 그러던 중  가시고기를 만나 우주를 지배하려는 바요킹의 존재를 알게 된다. 죽은 영혼들만이 갈 수 있는 얼음별에 착륙한 둘리 일행은 바요킹의 부하들로부터 추격을 당하고 희동과 마이콜 고길동은 바요킹에게 붙잡히고 만다. 둘리 일행의 도움으로 그들을 구해내고 둘리는 옛 여자 친구인 공실이를 만나 엄마가 수정체 속에 갇혀 있다는 사실을 알게 된다. 바요킹과 맞서 싸우는 둘리 일행. 길동과 희동의 할약으로 바요킹은 폭파된다. 엄마와 감격스런 재회를 하는 둘리. 둘리는 엄마와 함께살며 어른이 되고 싶지만 엄마는 둘리가 자신의 일을 할 수 있으니 이제 둘리는 어른이라고 말해준다. 다음에 만날 날을 기약하는 둘리와 엄마. 둘리는 엄마를 은하계에 남겨둔 채 아쉬움을 가득 안고 지구로 돌아온다. 똑같은 일상이  다시 반복되지만 우리의 둘리는 웃음을 잃지 않고 엄마를 향한 희망을 소중히 간직한다.,한국,"애니메이션,가족,코미디,모험,뮤지컬"
35187,피아니스트,https://movie.naver.com/movie/bi/mi/basic.nhn?code=35187,https://movie.naver.com/movie/bi/mi/photoViewPopup.nhn?movieCode=35187,./img/35187.jpg,2015,9.33,1939년 폴란드 바르샤바. 유명한 유대계 피아니스트 블라디슬로프 스필만은 한 인기 라디오 프로그램에서 쇼팽의 야상곡을 연주하다 폭격을 당한다. 이후 유태인인 스필만과 가족들은 게토에서 생활하지만 결국 수용소로 향하는 기차에 몸을 싣게 된다. 가족들을 죽음으로 내보내고 간신히 목숨을 구한 스필만은 허기와 추위 고독과 공포 속에서 마지막까지 생존을 지켜나간다. 나치의 세력이 확장될 수록 자신을 도와주던 몇몇의 사람마저 떠나자 완전히 혼자가 되어 자신만의 은신처에서 끈질기게 생존을 유지하는 스필만. 어둠과 추위로 가득한 폐건물 속에서 은신생활 중 스필만은 우연찮게 순찰을 돌던 독일 장교에게 발각되고 지상에서의 마지막 연주가 될 지도 모르는 순간 온 영혼을 손끝에 실어 연주를 시작하는데.,"프랑스,독일,폴란드,영국,네덜란드","드라마,전쟁"
182348,로망,https://movie.naver.com/movie/bi/mi/basic.nhn?code=182348,https://movie.naver.com/movie/bi/mi/photoViewPopup.nhn?movieCode=182348,./img/182348.jpg,2019,9.33,75세 조남봉과 71세 이매자는 치매 부부입니다결혼 45년차 몸도 마음도 닮아진 부부는 이제 세상에 단 둘만 있는 것처럼 삽니다매일 기억이 흐릿해지지만 먹고 사느라 잊었던 로망은 점점 더 선명해집니다올 것이 왔다 싶으니까 아무렇지도 않아요,한국,멜로/로맨스
29657,프리퀀시,https://movie.naver.com/movie/bi/mi/basic.nhn?code=29657,https://movie.naver.com/movie/bi/mi/photoViewPopup.nhn?movieCode=29657,./img/29657.jpg,2000,9.33,존 설리반제임스 카비젤 분은 1969년 10월 12일의 브룩스톤 화재로 소방대원이었던 아버지를 잃고 90년대를 살아가는 외로움에 찌들은 경찰이다. 아버지 기일의 하루전 폭풍이 몰아치는 날에 존은 아버지가 쓰던 낡은 햄 라디오를 발견하고 이를 튼다. 순간적으로 전기가 통한 후 그는 69년도 월드 시리즈를 기다리는 한 소방대원과 무선 통신을 하게 되는데 그는 바로 자신의 아버지 프랭크데니스 퀘이드이다. 이 30년의 시간을 건너뛴 부자간의 대화에 존도 그의 젊은 아버지도 처음에는 모두 믿을 수 없어 하지만 이내 존은 밤을 새워가며 최초로 자신의 아버지에 대한 사랑을 고백한다. 자신이 아버지의 죽음을 막을 수 있음을 깨달은 존은 아버지에게 프룩스톤 화재사건을 경고함으로써 아버지를 구하게 된다. 1999년 10월 12일 존은 이제 자신의 벽에 걸린 아버지의 사진이 중년의 모습으로 바뀌어 있음을 발견한다. 존은 과거를 바꿈에 따라 자신이 가지게 된 아버지에 대한 새로운 기억에 들떠지만 그가 간과한 사실은 잊고 있었다. 즉 다른 일들도 바뀌었다는 점이다. 그의 아버지가 살아남에 따라 야기된 미묘한 변화는 바로 미해결의 연쇄살인을 야기하는데 희생자 중에는 잔인하게 살해당한 존의 엄마도 있다. 이제 아버지 프랭크와 존은 30년의 시간을 뛰어넘는 무선통신을 계속하면서 살인을 막기위하여 혼신의 힘을 다한다. 이와중에 프랭크는 자신의 세계에서 점점 변해가고 존은 새로운 진실을 깨닫게 된다.,미국,"범죄,드라마,SF,스릴러"
52120,업,https://movie.naver.com/movie/bi/mi/basic.nhn?code=52120,https://movie.naver.com/movie/bi/mi/photoViewPopup.nhn?movieCode=52120,./img/52120.jpg,2009,9.33,평생 모험을 꿈꿔 왔던 칼 할아버지는 수천 개의 풍선을 매달아 집을 통째로 남아메리카로 날려 버리는데칼 할아버지의 이 위대한 모험에 초대 받지 않은 불청객이 있었으니바로 황야의 탐험가 러셀 지구상에 둘도 없을 이 어색한 커플이 함께 하는 대모험.그들은 과연 남미의 잃어버린 세계에서 사라져 버린 꿈과 희망 행복을 다시 찾을 수 있을까,미국,"애니메이션,가족,모험,코미디,액션"
189111,두 교황,https://movie.naver.com/movie/bi/mi/basic.nhn?code=189111,https://movie.naver.com/movie/bi/mi/photoViewPopup.nhn?movieCode=189111,./img/189111.jpg,2019,9.32,자진 사임으로 바티칸을 뒤흔든 교황 베네딕토 16세와 그 뒤를 이은 교황 프란치스코의 실화를 담은 이야기,"미국,영국,이탈리아,아르헨티나",드라마
189075,자산어보,https://movie.naver.com/movie/bi/mi/basic.nhn?code=189075,https://movie.naver.com/movie/bi/mi/photoViewPopup.nhn?movieCode=189075,./img/189075.jpg,2021,9.32,이 양반은 대역 죄인이니 너무 잘해줄 생각들 말어순조 1년 신유박해로 세상의 끝 흑산도로 유배된 정약전.호기심 많은 정약전은 그 곳에서 바다 생물에 매료되어 책을 쓰기로 한다.이에 바다를 훤히 알고 있는 청년 어부 창대에게 도움을 구하지만창대는 죄인을 도울 수 없다며 단칼에 거절한다.내가 아는 지식과 너의 물고기 지식을 바꾸자창대가 혼자 글 공부를 하며 어려움을 겪고 있다는 것을 알게 된 정약전은 서로의 지식을 거래하자고 제안하고거래라는 말에 창대는 못 이기는 척 받아들인다.둘은 티격태격하면서도 점차 서로의 스승이자 벗이 되어 간다.너 공부해서 출세하고 싶지그러던 중 창대가 출세하기 위해 공부에 매진했다는 사실을 알게 된 정약전은 크게 실망한다.창대 역시 정약전과는 길이 다르다는 것을 깨닫고정약전의 곁을 떠나 세상 밖으로 나가고자 결심하는데...,한국,드라마
103535,소원,https://movie.naver.com/movie/bi/mi/basic.nhn?code=103535,https://movie.naver.com/movie/bi/mi/photoViewPopup.nhn?movieCode=103535,./img/103535.jpg,2013,9.33,대한민국을 울리는 기적 같은 감동가장 아픈 곳에서 피어난 가장 따뜻한 이야기괜찮아 소원아 다 괜찮아어느 비 오는 아침 학교를 가던 소원은 술에 취한 아저씨에게 끌려가 믿을 수 없는 사고를 당한다. 이 일로 몸과 마음에 지울 수 없는 상처를 받은 소원이네 가족.하지만 절망 끝에서 희망을 찾아 나서는데...대한민국을 울리는 기적 같은 감동이 시작된다,한국,드라마
70457,드래곤 길들이기,https://movie.naver.com/movie/bi/mi/basic.nhn?code=70457,https://movie.naver.com/movie/bi/mi/photoViewPopup.nhn?movieCode=70457,./img/70457.jpg,2019,9.32,용맹한 바이킹과 사나운 드래곤들의 싸움이 끊이지 않는 버크섬. 바이킹 족장의 아들 히컵은 드래곤 사냥에 소질 없는 마을의 사고뭉치. 어느 날 그는 부상 당한 드래곤 투슬리스를 구하게 되고 아무도 몰래 그를 돌본다. 서로를 알아가며 드래곤들의 친구가 된 히컵. 그들과의 새로운 생활을 만끽하던 히컵은 드래곤들의 위험한 비밀을 알게 되는데,미국,"애니메이션,모험,코미디,가족,판타지"
18782,천공의 성 라퓨타,https://movie.naver.com/movie/bi/mi/basic.nhn?code=18782,https://movie.naver.com/movie/bi/mi/photoViewPopup.nhn?movieCode=18782,./img/18782.jpg,2004,9.33,조용한 밤하늘에 한척의 비행선이 떠있다. 꼬리날개에 그려진 해골 마크가 이 배가 해적선이라는 사실을 말해주고 있다. 갑자기 사람들이 뛰어다니면서 기내가 부산스러워진다. 그들이 바라보는 곳에는 그 발밑으로 또다른 거대한 비행선 한척이 떠가고 있었다. 곧 해적선에 작은 비행정 몇 대가 발진한다. 거대한 비행선. 방 안에 한 소녀와 검은 양복에 선글라스의 두 남자가 있다. 한 남자가 소녀에게 식사를 가져오지만 소녀는 아무말도 없이 고개를 돌려 버린다. 창밖을 바라보던 소녀는 이쪽으로 날아오고 있는 해적들의 비행정을 발견하게 된다. 곧 해적들의 습격이 시작된다. 해적들은 저항하는 선원들을 가볍게 제압하며 배안으로 침입한다. 검은 양복을 입은 남자 몇 명이 복도를 막고 해적과 총격전을 벌인다. 검은 양복의 우두머리로 보이는 듯한 남자가 그들에게 해적을 막을 것을 지시하고는 다시 방으로 들어와 어디엔가 무전연락을 시작한다. 그 모습을 바라보던 소녀는 식탁위에 쓰러져 있던 술병을 조용히 집어들어 그 남자를 내리친다. 소녀는 바닥에 쓰러진 남자의 품에서 목걸이를 빼내서 자신의 목에 건다. 곧 검은 양복의 남자들의 방어선이 뚫리고 해적들이 문을 부수고 들어온다. 바닥에 쓰러진 남자의 몸을 뒤지지만 아무것도 발견하지 못한다. 해적들은 창문이 열려있는 것을 발견하고는 창문 밖을 살핀다. 창문 밖에는 소녀가 비행선의 벽에 매달려있었다. 몸을 내밀어 소녀를 잡으려고 하는 해적들. 소녀를 보고 해적들의 우두머리가 외친다. 저거다. 저 돌이다 비행석이다 해적들이 소녀를 잡으려는 순간 소녀는 비행선에서 떨어져 구름 밑으로 사라지고만다. 소녀는 정신을 잃은 채로 거꾸로 떨어지고 있었다. 소녀의 목걸이에서 파란 및이 뿜어져 나오더니 소녀의 몸이 수평으로 유지되고 천천히 떨어지게 된다. 한 광산마을. 파즈는 모처럼의 야근 때문에 야식을 사러 거리로 내려왔다. 파즈는 야식을 사서 돌아가던 도중 이상한 물체가 하늘에서 내려오고 있는 것을 보게된다. 떨어지는 것이 사람임을 알아챈 파즈. 그 사람은 파즈가 일하는 광산으로 떨어지고 있었다. 파즈는 그 사람이 내려오고 있는 장소로 달려가서 소녀가 떨어지기 전에 받아낸다. 파즈는 하늘에서 여자애가 내려왔다고 아저씨에게 말하려고 하지만 기계가 말썽을 부리고 탄광에 내려갔던 사람들이 돌아오고 하는 통에 말할 기회가 생기지 않는다. 아무에게도 얘기하지 못한채 잔업은 끝나고 파즈만이 혼자 남아서 뒷정리를 하게 된다. 밤하늘에 아까의 그 해적선이 떠있다.작은 비행정으로 아까의 습격에서 떨어져 버린 소녀를 찾고 있다. 하지만 날이 어두워서 수색을 포기하고 다음날 다시 찾기로 한다. 다음날 아침 파즈는 부시시한 얼굴로 잠에서 깨어난다. 침대 위에서는 어제의 그 소녀가 잠자고 있었다. 아직 잠들어있는 소녀를 보면서 미소짓는 파즈. 파즈는 집 지붕위로 올라가서 새장에서 비둘기를 날려보낸 후 트럼펫을 분다. 잠에서 깨어난 소녀는 트럼펫 소리를 따라 지붕위로 올라온다. 시타가 자기가 어떻게 살았는지 궁금해하자 파즈는 시타에게 그 목걸이를 잠시 달라고 한다. 그 목걸이는 시타의 집에서 예전부터 전해내려 오는 목걸이라 한다. 파즈는 목걸이를 메고 지붕에서 뛰어내린다. 놀라서 황급히 그쪽으로 달려가보는 시타. 바닥에는 벽돌을 뚫고 구멍이 생겨 버렸다. 둘은 다시 집 안으로 들어온다. 파즈는 시타에게 식사준비를 할 동안 씻고 있으라고 한다. 집안을 둘러보는 시타. 집 안에는 만들고 있는 비행기가 있었고 벽에는 하늘에 떠있는 성의 그림이 있었다. 그림을 바라보고 있는 시타에게 파즈가 다가온다.,일본,"애니메이션,판타지,모험"
34181,오세암,https://movie.naver.com/movie/bi/mi/basic.nhn?code=34181,https://movie.naver.com/movie/bi/mi/photoViewPopup.nhn?movieCode=34181,./img/34181.jpg,2003,9.33,눈을 감은 소녀 감이와 다섯 살 길손이에겐 서로가 세상의 전부다. 엄마의 기억이 없는 길손이의 평생 소원은 한번이라도 엄마를 가져 보는 것. 둘은 어디 있는지 모를 엄마를 찾기 위한 여행을 떠난다. 그리고 막 추운 겨울이 시작되려는 즈음 한 마을에서 머리에 머리카락씨만 뿌려진 설정 스님을 만난다. 아저씨 이름이 스님이야 참 재밌는 이름이네 스님을 스님 아저씨라 부르며 절집 생활을 시작하게된 두꼬마. 그러나 순진 발랄이 도를 넘어 엽기적이기까지 한 길손이는 순식간에 조용한 절집을 뒤집어버린다. 이불에 오줌싸는 일은 사흘에 한번 꼴 조용해야할 선방으로 날짐승을 몰아와 우당탕거리는 일은 이틀에 한번 꼴 법회때 한가운데 앉아있다 방귀를 뽕 소리가 나게 뀌질 않나 법회중인 스님들 신발을 몽창 가져다 나무에 달아놓지를 않나. 바람 소리와 풍경소리가 전부이던 조용한 절이 순식간에 길손이의 활기로 가득 찬다. 그러나 밝음 그자체인 것 같은 길손이에게도 밖으로 내보이지 못하는 슬픈 소원이 하나 있다. 한번이라도 엄마를 가져 보는 것. 엄마..라고 큰 소리로 마음껏 불러 보는 것. 길손이는 설정 스님을 따라 겨우내 작은 암자에서 마음의 눈을 뜨는 공부를 하기로 한다. 정말 마음의 눈을 뜨면 엄마를 볼 수 있을까 마음을 다해 부르면... 엄마가 내게 와줄까설정 스님이 마을로 내려가 길손이 혼자 암자에 남은 어느 밤. 한바탕 하얀 폭설이 온 산하와 암자를 가득 덮은 그 밤. 암자에서 혼자 잠든 길손이는 자신을 품에 안고 정성스럽게 토닥거려주는 손길을 느낀다. 이런 따뜻함이... 엄마의 품일까 지금 눈을 뜨면 엄마를 볼 수 있을까오세암은 본래 백담사의 부속 암자로서 관음암이라 하였다. 다섯 살 난 아이의 성불을 기리기 위해 암자를 중건하고 오세암으로 이름을 바꾸었다.,한국,"애니메이션,드라마"
47528,해리 포터와 죽음의 성물  2부,https://movie.naver.com/movie/bi/mi/basic.nhn?code=47528,https://movie.naver.com/movie/bi/mi/photoViewPopup.nhn?movieCode=47528,./img/47528.jpg,2011,9.32,모든 것을 끝낼 최후의 전투 판타지의 아름다운 역사가 드디어 마침표를 찍는다덤블도어 교장이 남긴 죽음의 성물의 단서를 쫓던 해리 포터는 볼드모트가 그토록 찾아 다닌 절대적인 힘을 가진 지팡이의 비밀을 통해 드디어 마지막 퍼즐을 완성한다. 볼드모트의 영혼이 담긴 다섯 번째 호크룩스를 찾기 위해 마법학교 호그와트로 돌아온 해리와 친구들은 그들을 잡으려는 보안마법에 걸려 위기를 맞지만 덤블도어의 동생인 에버포스의 도움으로 벗어난다. 그리고 그에게서 덤블도어와 어둠의 마법사 그린델왈드에 관한 놀라운 과거에 대해 알게 된다. 한편 볼드모트는 해리에 의해 호크룩스들이 파괴되었음을 느끼고 호그와트로 향한다. 해리를 주축으로 한 불사조 기사단과 죽음을 먹는 자들 간의 마법전투가 벌어지고 여기에 거대거미 아크로맨투라와 거인족 등 마법 생물들이 볼드모트 편으로 가세하면서 호그와트는 거대한 전쟁터로 변한다. 전쟁의 틈에서 해리는 덤블도어를 죽인 스네이프의 엄청난 비밀과 볼드모트를 죽일 마지막 호크룩스에 대한 단서를 알게 되는데...,"영국,미국","모험,판타지,미스터리"
17153,토이 스토리,https://movie.naver.com/movie/bi/mi/basic.nhn?code=17153,https://movie.naver.com/movie/bi/mi/photoViewPopup.nhn?movieCode=17153,./img/17153.jpg,2010,9.33,우디톰 행크스 목소리 분는 6살짜리 남자 아이 앤디가 가장 아끼는 카우보이 인형인데 어느날 접었다 폈다 하는 날개와 레이저 디지털 음성을 가진 최신 액션 인형 버즈팀 알렌 목소리 연기가 나타나자 그의 위치가 흔들리기 시작한다. 모든 장난감들의 최고의 공포는 새로운 장난감들에 의해 밀려나는 것이다. 애타는 우디의 심정에도 불구하고 버즈는 앤디의 최고 인형으로 자리를 잡고 장난감 세계  우디의 친구인 강아지 슬링키짐 바니 목소리 분 참을성 없는 Mr. 포테토돈 리클스 목소리 분 마음 약한 공룡 렉스월레스 숀 목소리 분 돼지 저금통 햄존 래츤버거 목소리 분 아름다운 사기 램프 인형인 보 피프애니 파츠 목소리 분  에서도 인기가 급상승한다. 한편 기세등등한 버즈가 자신이 장난감이 아닌 외계에서 불시착한 우주 전사라고 믿는다. 우디는 버즈를 없앨 계획을 세우나 우여곡적 끝에 둘은 바깥세상에서 서로의 힘을 합치지 않으면 살아남을 수 없는 상황에 이른다. 한편 라이벌에서 동료사이로 변한 그들은 인형과 장난감을 못살게 하는 악명높은 무서운 아이 시드의 손아귀에 들어가게 된다. 시드와 그를 닮은 개 스커드에게서 벗어나기 위해서 그 둘은 더욱 가까워진다. 버즈는 그가 진짜 우주전사가 아니라는걸 깨닫고 삶을 포기하기까지 이르나 우디의 도움으로 본인의 진짜 가치  장난감으로서  를 깨닫게 된다. 카우보이와 우주전사는 목숨을 건 모험을 통해 진정한 우정과 신뢰를 배우게 된다.,미국,"애니메이션,코미디,가족,판타지"
180220,러브 유어셀프 인 서울,https://movie.naver.com/movie/bi/mi/basic.nhn?code=180220,https://movie.naver.com/movie/bi/mi/photoViewPopup.nhn?movieCode=180220,./img/180220.jpg,2019,9.31,8월 서울공연을 시작으로 미주 유럽 아시아 등 20개 도시 42회 공연 규모로 열리는 LOVE YOURSELF 투어. 현재 진행 중인 가장 핫한 콘서트를 담은 러브 유어셀프 인 서울은 미국 빌보드 200 1위에 빛나는 글로벌 그룹 방탄소년단 월드투어의 포문을 여는 서울 콘서트를 담아냈으며 전 세계가 기다린 최고의 무대를 더욱 생동감 있게 느낄 수 있다.,한국,공연실황
11608,메리 포핀스,https://movie.naver.com/movie/bi/mi/basic.nhn?code=11608,https://movie.naver.com/movie/bi/mi/photoViewPopup.nhn?movieCode=11608,./img/11608.jpg,1979,9.32,1910년의 런던. 중절모를 눌러쓴 신사들과 우아한 나들이 복 차림의 귀부인들 사이에서 흥겹게 춤추고 노래하는 굴뚝 청소부 버트를 따라가다보면 체리트리 가 17번지에 다다르게 된다. 이 곳에는 은행가 뱅크스 가족이 살고 있다. 좀 더 자세히 말하자면 엄격하고 빈틈없는 은행 중역 죠지 뱅크스 여성의 참정권을 부르짖느라고 언제나 바쁜 그의 아내 미세스 뱅크스 그리고 사랑스런 말썽꾸러기 제인과 마이클이 함께 살고 있다. 오늘도 뱅크스의 집에서는 아이들의 유모가 짐을 싸들고 나섰다. 아이들이 또 어디론가 도망쳐버린 것이다. 장난꾸러기 제인과 마이클에게 진저리가 난 유모는 더 이상 아이들을 돌볼 수 없다며 짐을 싼 것이다. 벌써 몇 번째인지 모른다. 또다시 유모를 구하는 처지가 된 뱅크스씨 내외는 이번에야말로 제인과 마이클에게 확실히 버릇을 가르칠 수 있는 유모를 찾기로 하고 타임지에 광고를 낸다. 하지만 제인과 마이클이 원하는 유모는 엄격하고 규칙만 따지는 그런 사람이 아니다. 장밋빛 뺨에 친절하고 재미있으며 자신들과 즐겁게 놀아줄 그런 유모를 원했다. 죠지 뱅크스는 이들의 말을 무시했지만 아이들의 희망은 어디선가 불어온 바람을 타고 날아가 메리 포핀스에게 전달된다. 다음날 아침 뱅크스씨 집에는 광고를 보고 찾아온 유모들이 문전성시를 이룬다. 그런데 갑자기 불어온 강한 동풍에 줄서있던 유모들은 모두 날아가고 바람을 타고 내려온 메리 포핀스만이 남아 아이들의 유모가 된다. 그리고 즉시 아이들과 함께 방치우기 놀이에 들어간다. 제인과 마이클은 메리 포핀스가 신기하기만 할 따름이다. 메리 포핀스는 계단 난간을 타고 윗층과 아래층을 오르내리며 그녀의 가방에서는 커다란 모자걸이 예쁜 거울 우아한 스탠드 등 온갖 것이 쏟아져 나온다. 게다가 산책 도중에 굴뚝 청소부 버트를 만나자 버트와 함께 아이들을 예쁜 그림 속으로 데리고 가준다. 푸른 동산과 호수 회전목마가 있는 그 곳에서 제인과 마이클은 꿈같은 시간을 보낸다. 메리 포핀스가 들어온 후부터 뱅크스 씨 집안에는 행복이 넘쳐난다. 하지만 죠지 뱅크스는 왠지 이러한 집안의 변화가 꺼림직 하다. 좀더 집안의 규율을 세우기 위해 메리와 면담을 하던 그는 자신의 집이 마치 은행처럼 돌아가길 원한다고 말하고 메리는 그렇다면 아이들이 아빠와 함께 은행을 견학하는 것이 좋겠다고 제안한다. 다음 날 아침. 난생처음 아빠와 함께 나들이를 나선 아이들은 쭈뼛거리며 은행에 들어서지만 은행원들이 마이클의 동전을 예금하라고 강요하자 큰 소동을 일으키며 은행에서 달아나고 마는데.,미국,"가족,코미디,뮤지컬,판타지"
87307,주먹왕 랄프,https://movie.naver.com/movie/bi/mi/basic.nhn?code=87307,https://movie.naver.com/movie/bi/mi/photoViewPopup.nhn?movieCode=87307,./img/87307.jpg,2012,9.35,8비트 게임 다고쳐 펠릭스에서 건물을 부수는 악당 주먹왕 랄프. 30년째 매일같이 건물을 부수며 직업에 충실해왔지만 악당이라는 이유로 누구도 그를 좋아하지 않는다. 모두에게 인정 받는 영웅이 되고 싶은 마음에 급기야 자기 게임을 이탈하여 다른 게임으로 들어가는 랄프 슈팅게임 히어로즈 듀티를 거쳐 레이싱 게임 슈가 러시에 불시착하는 랄프는 과연 게임 세계의 새로운 영웅이 될 수 있을 것인가 그리고 랄프가 떠난 후 고장 딱지가 붙은 다고쳐 펠릭스 게임은 오락실에서 퇴출될 위기를 넘길 수 있을까,미국,"애니메이션,코미디,가족"
71081,블라인드 사이드,https://movie.naver.com/movie/bi/mi/basic.nhn?code=71081,https://movie.naver.com/movie/bi/mi/photoViewPopup.nhn?movieCode=71081,./img/71081.jpg,2010,9.32,어린 시절 약물 중독에 걸린 엄마와 강제로 헤어진 후 여러 가정을 전전하며 커가던 마이클 오어. 건장한 체격과 남다른 운동 신경을 눈여겨 본 미식축구 코치에 의해 상류 사립학교로 전학하게 되지만 이전 학교에서의 성적 미달로 운동은 시작할 수도 없게 된다. 급기야 그를 돌봐주던 마지막 집에서조차 머물 수 없게 된 마이클. 이제 그에겐 학교 수업 운동보다 하루하루 잘 곳과 먹을 것을 걱정해야 하는 날들만이 남았다.  추수감사절 하루 전날 밤 차가운 날씨에 반팔 셔츠만을 걸친 채 체육관으로 향하던 마이클을 발견한 리 앤. 평소 불의를 참지 못하는 확고한 성격의 리 앤은 자신의 아이들과 같은 학교에 다닌다는 마이클이 지낼 곳이 없음을 알게 되자 집으로 데려와 하룻밤 잠자리를 내어주고 함께 추수감사절을 보낸다. 갈 곳 없는 그를 보살피는 한편 그를 의심하는 마음도 지우지 못하던 리 앤. 하지만 시간이 흐르며 마이클의 순수한 심성에 빠져 든 리 앤과 그녀의 가족은 그를 마음으로부터 받아들이기 시작한다. 리 앤 가족의 도움으로 성적까지 향상된 마이클은 본격적으로 미식 축구 훈련을 시작하며 놀라운 기량과 실력을 발휘하고 리 앤은 그의 법적 보호자를 자청하며 마이클의 진짜 가족이 되고자 한다. 주변의 의심 어린 편견 그리고 마이클이 언젠가 자신을 떠나 사라질 지도 모른다는 불안감을 뒤로 한 채...,미국,드라마
14448,패왕별희 디 오리지널,https://movie.naver.com/movie/bi/mi/basic.nhn?code=14448,https://movie.naver.com/movie/bi/mi/photoViewPopup.nhn?movieCode=14448,./img/14448.jpg,2021,9.32,어렸을 때부터 함께 경극을 해온 두지장국영와 시투장풍의. 세상에 둘도 없는 절친한 아우와 형이지만 두지는 남몰래 시투에 대한 마음을 품고 있다.하지만 시투는 여인 주샨공리에 마음을 빼앗기고 그로 인해 두지는 감정의 소용돌이에 빠지게 되는데사랑과 운명 아름다움을 뒤바꾼 화려한 막이 열린다,"중국,홍콩",드라마
185275,"미안해요, 리키",https://movie.naver.com/movie/bi/mi/basic.nhn?code=185275,https://movie.naver.com/movie/bi/mi/photoViewPopup.nhn?movieCode=185275,./img/185275.jpg,2019,9.32,넉넉하지는 않지만 누구보다 행복한 가장 리키안정적인 생활을 꿈꾸며 택배 회사에 취직하지만생각과는 다른 일상이 전개되고 화목했던 가족은 뜻밖의 난관에 부딪히는데.. 성실하게 행복을 찾고 싶었던 리키의 우리의 이야기가 찾아온다.,"영국,프랑스,벨기에",드라마
